freq;unit;nace_r2;geo\TIME_PERIOD,2007 ,2008 ,2009 ,2010 ,2011 ,2012 ,2013 ,2014 ,2015 ,2016 ,2017 ,2018 
A;PC;B;AT,: ,: ,: ,18.3 ,: ,: ,: ,15.9 ,13.7 ,14.4 ,10.9 ,7.9 
A;PC;B;BE,-7.2 ,-8.8 ,-10.1 ,-13.4 ,-10.4 ,-7.1 ,-4.1 ,-1.0 ,-1.5 ,-2.1 ,-2.6 ,-3.1 
A;PC;B;BG,26.9 ,23.7 ,18.8 ,15.9 ,16.4 ,21.2 ,17.1 ,16.8 ,17.7 ,15.0 ,14.5 ,12.2 
A;PC;B;CH,: ,7.8 d,7.7 d,5.2 ,10.4 ,9.6 ,9.0 ,8.2 ,8.3 ,8.1 ,7.9 ,: 
A;PC;B;CY,: ,39.7 u,27.7 u,15.5 u,16.6 u,17.4 u,26.7 u,22.7 u,35.6 u,29.3 u,34.3 u,42.2 u
A;PC;B;CZ,: ,24.8 ,22.2 ,22.6 ,22.8 ,21.2 ,21.3 ,16.9 ,16.3 d,14.5 d,16.4 d,14.6 d
A;PC;B;DE,5.1 ,6.8 ,10.5 ,12.3 ,9.8 ,7.0 ,4.1 ,0.4 ,1.4 ,2.4 ,6.4 ,7.1 
A;PC;B;DK,: ,12.5 ,16.1 ,18.6 ,14.3 ,12.8 ,14.3 ,17.7 ,17.2 ,20.6 ,21.1 ,17.4 
A;PC;B;EE,: ,37.2 ,36.5 ,36.0 ,34.0 ,37.0 ,38.3 ,24.7 ,32.7 ,36.8 ,30.9 ,29.6 
A;PC;B;EL,: ,: ,: ,34.0 ,: ,: ,: ,-2.1 ,: ,: ,: ,-29 p
A;PC;B;ES,13.3 ,13.0 ,12.5 ,12.2 ,14.4 ,15.0 ,10.8 ,-9.8 ,-12.6 ,-4.7 ,-8.3 ,-16.1 
A;PC;B;FI,: ,15.6 ,20.3 ,16.3 ,7.4 ,10.6 ,5.4 ,5.2 ,11.6 ,11.4 ,11.7 ,5.2 
A;PC;B;FR,: ,3.1 ,9.6 ,13.5 ,12.9 ,13.4 ,15.2 ,15.4 ,16.2 ,18.4 ,20.2 ,22.3 
A;PC;B;HR,: ,: ,: ,-4.1 ,: ,: ,0.9 ,-2.5 ,: ,-2.9 ,-9.3 ,-9.4 
A;PC;B;HU,: ,4.5 ,2.3 ,-12.2 ,-18.2 ,-13.9 ,-26.1 ,-9.4 ,: ,-22.3 ,1.2 ,10.8 
A;PC;B;IE,: ,: ,: ,: ,: c,: c,: c,: c,: ,: ,: ,: 
A;PC;B;IT,: ,: ,: ,-15.2 ,: c,: c,: c,6.6 ,: c,: c,: c,5.1 p
A;PC;B;LT,14.1 ,14.3 ,5.0 ,1.2 b,2.5 ,3.9 ,6.0 ,4.2 ,5.7 ,6.6 ,7.2 ,6.9 
A;PC;B;LU,: ,: ,: ,-4.2 u,: ,: ,: ,9.3 ,11.7 ,11.4 ,6.2 ,: c
A;PC;B;LV,: ,: ,: ,12.5 ,: u,17.8 ,21.5 ,21.5 ,18.2 ,28.6 ,30.6 ,12.0 
A;PC;B;ME,: ,: ,: ,: ,: ,: ,: ,-3.4 ,: ,: ,: ,: 
A;PC;B;MK,: ,: ,: ,: ,: ,: ,: ,17.1 ,: ,: ,: ,: 
A;PC;B;MT,: ,15.4 ,24.3 ,26.8 ,26.4 u,8.9 u,2.9 u,-9.7 u,-7.6 u,1.2 u,1.7 u,28.9 u
A;PC;B;NL,: ,30.0 ,25.8 ,27.5 ,24.4 ,25.2 ,18.6 ,18.6 ,19.3 ,18.7 ,15.4 ,15.5 
A;PC;B;NO,: ,13.0 ,11.5 ,12.8 ,10.2 ,9.4 ,8.5 ,11.2 ,12.5 ,9.7 ,8 ,6.4 
A;PC;B;PL,28.1 ,25.4 ,22.7 ,20.0 ,20.9 ,21.8 ,21.7 ,21.5 ,18.6 ,15.8 ,15.6 ,20.0 
A;PC;B;PT,-4.6 ,-6.4 ,-8.9 ,-12.3 ,-15.3 ,-18.7 ,-21.8 ,-26.6 ,-17.6 ,-16.2 ,-8.9 ,-4.7 
A;PC;B;RO,11 d,-4.9 d,4.1 d,-13.9 ,-11.2 ,-12.2 ,-9.7 ,-9.5 ,-10.7 e,-12.9 e,-7.6 e,-2.9 
A;PC;B;RS,: ,: ,: ,: ,: ,: ,: ,6.5 ,: ,: ,: ,-5.9 
A;PC;B;SE,: ,7.0 ,8.7 ,5.5 ,5.3 ,8.1 ,6.4 ,7.6 ,5.3 ,6.1 ,8.7 ,8.4 
A;PC;B;SI,15.1 ,17.6 ,17.3 ,16.5 ,16.5 ,17.0 ,14.3 ,13.0 ,14.8 ,13.6 ,12.9 ,14.6 
A;PC;B;SK,: ,-2.2 ,2.9 ,5.1 ,-10.3 ,-8.2 ,10.0 ,13.0 ,14.1 ,17.6 ,20.6 ,21.5 
A;PC;B;TR,: ,: ,: ,: ,: ,: ,: ,15.0 ,: ,: ,: ,: 
A;PC;B;UK,-5.6 ,6.4 ,3.4 ,5.5 b,-12.1 ,-1.5 ,11.6 ,7.5 ,11.2 ,7.1 ,5.6 ,1.1 
A;PC;B-N;AT,26.7 ,26.2 ,25.5 ,25.2 ,24.7 ,24.3 ,23.8 ,23.8 ,23.4 ,22.3 ,22.3 ,22.0 
A;PC;B-N;BE,15.3 ,15.2 ,15.1 ,15.1 ,14.1 ,13.0 ,12.1 ,11.0 ,10.8 ,10.4 ,10.2 ,10.1 
A;PC;B-N;BG,12.6 ,13.2 ,14.5 ,14.1 ,13.7 ,15.1 ,14.8 ,14.3 ,14.9 ,13.7 ,13.6 ,13.1 
A;PC;B-N;CH,: ,23.5 d,23.5 d,23.0 ,20.6 ,20.3 ,20.3 ,19.9 ,19.7 ,19.5 ,19.5 ,: 
A;PC;B-N;CY,29.4 ,27.6 ,27.0 ,26.1 ,24.9 ,24.3 ,23.4 ,22.4 ,21.0 ,19.9 ,18.9 ,17.9 
A;PC;B-N;CZ,24.5 ,21.1 ,21.0 ,16.1 ,16.1 ,15.5 ,15.9 ,16.5 ,16.1 d,15.9 d,16.4 d,15 d
A;PC;B-N;DE,26.0 ,26.0 ,26.0 ,25.7 ,25.8 ,26.0 ,25.4 ,25.7 ,25.1 ,24.4 ,23.9 ,23.4 
A;PC;B-N;DK,16.7 ,16.2 ,16.8 ,17.9 ,18.3 ,17.5 ,17.1 ,16.4 ,15.4 ,16.1 ,15.3 ,14.4 
A;PC;B-N;EE,30.5 ,28.3 ,27.7 ,28.5 ,27.3 ,29.7 ,30.2 ,29.0 ,27.0 ,25.7 ,26.4 ,24.3 
A;PC;B-N;EL,20.5 ,21.9 d,: ,19.7 ,: ,: ,: ,18.6 ,: ,: ,: ,16.9 p
A;PC;B-N;ES,22.8 ,21.3 ,22.7 ,22.4 ,23.6 ,23.9 ,23.4 ,19.9 ,19.9 ,19.9 ,18.2 ,16.9 
A;PC;B-N;FI,19.4 ,19.0 ,19.8 ,19.4 ,18.1 ,18.3 ,18.0 ,17.6 ,17.0 ,17.3 ,16.3 ,16.2 
A;PC;B-N;FR,16.8 ,17.0 ,15.6 ,15.6 ,14.2 ,13.8 ,13.6 ,12.8 ,12.7 ,13.0 ,13.1 ,13.3 
A;PC;B-N;HR,: ,: ,: ,: ,: ,: ,9.4 ,10.0 ,: ,11.1 ,12.5 ,12.8 
A;PC;B-N;HU,16.8 ,15.9 ,15.0 ,15.4 ,14.4 ,15.7 ,13.9 ,14.1 ,12.6 ,14.0 ,13.8 ,12.2 
A;PC;B-N;IE,25.8 ,21.6 ,21.4 ,22.7 ,21.8 ,21.0 ,21.2 ,21.1 ,22.8 p,22.2 p,22.5 p,: 
A;PC;B-N;IS,24.3 ,21.5 ,18.9 ,16.5 ,16.4 ,15.7 ,16.5 ,15.9 ,16.5 ,15.9 ,15 ,16.2 
A;PC;B-N;IT,16.4 ,16.0 ,16.1 ,15.8 ,15.7 ,17.0 ,18.9 ,17.6 ,17.2 ,16.0 ,15.6 p,15.3 p
A;PC;B-N;LT,25.9 ,25.2 ,21.4 ,18.3 b,16.9 ,17.0 ,16.8 ,17.5 ,18.4 ,18.6 ,16.5 ,16.2 
A;PC;B-N;LU,15.3 ,14.8 ,14.2 ,13.7 ,13.8 ,14.0 ,13.9 ,14.0 ,13.9 ,13.3 ,12.2 ,11.8 
A;PC;B-N;LV,17.8 ,15.5 ,17.2 ,17.0 ,14.4 ,14.6 ,14.8 ,16.0 ,16.8 ,18.7 ,20.1 ,19.7 
A;PC;B-N;ME,: ,: ,: ,: ,: ,: ,: ,5.0 ,: ,: ,: ,: 
A;PC;B-N;MK,: ,: ,: ,: ,: ,: ,: ,12.7 ,: ,: ,: ,: 
A;PC;B-N;MT,14.9 ,18.5 ,16.2 ,15.5 ,15.3 ,15.3 ,14.6 ,14.2 ,15.0 ,15.3 ,16.2 ,16.0 
A;PC;B-N;NL,19.5 ,19.0 ,18.5 ,17.7 ,23.1 ,22.2 ,21.7 ,21.6 ,22.4 ,22.9 ,23.1 ,23.3 
A;PC;B-N;NO,19.3 ,19.6 ,19.6 ,19.7 ,18.4 ,17.3 ,17.3 ,17.3 ,18.5 ,17.5 ,16.9 ,16.2 
A;PC;B-N;PL,21.5 ,19.7 ,17.9 ,16.1 ,15.9 ,15.6 ,16.7 ,17.7 ,16.4 ,14.9 ,14.7 ,15.4 
A;PC;B-N;PT,21.4 ,22.6 ,21.0 ,22.8 ,20.3 ,21.7 ,21.3 ,22.5 ,20.7 ,19.2 ,17.1 ,15.6 
A;PC;B-N;RO,13.3 d,11.2 d,9.8 d,6.9 ,7.7 ,5.7 ,5.5 ,5.4 ,6.6 e,7.4 e,7.9 e,10.6 
A;PC;B-N;RS,: ,: ,: ,: ,: ,: ,: ,9.6 ,: ,: ,: ,10.6 
A;PC;B-N;SE,16.9 ,15.6 ,13.7 ,12.9 ,12.5 ,12.1 ,11.2 ,10.4 ,10.7 ,10.6 ,10.1 ,9.4 
A;PC;B-N;SI,11.3 ,10.6 ,6.7 ,6.9 ,8.1 ,7.9 ,8.5 ,8.5 ,9.1 ,9.5 ,10.2 ,11.1 
A;PC;B-N;SK,23.9 ,20.8 ,22.4 ,20.2 ,19.4 ,21.6 ,20.0 ,20.8 ,20.1 ,20.0 ,21.0 ,20.0 
A;PC;B-N;TR,: ,: ,: ,: ,: ,: ,: ,1.7 ,: ,: ,: ,: 
A;PC;B-N;UK,24.0 ,24.3 ,23.1 ,28.1 b,25.7 ,26.4 ,24.0 ,23.9 ,23.4 ,21.9 ,21.5 ,21.5 
A;PC;B-S;BG,10.6 ,11.4 ,12.5 ,12.3 ,12.2 ,14.0 ,12.7 ,12.9 ,14.5 ,13.8 ,13.8 ,13.6 
A;PC;B-S;CH,: ,18.4 d,18.4 d,17.9 ,17.6 ,17.4 ,17.6 ,17.4 ,17.2 ,17.0 ,17.0 ,: 
A;PC;B-S;CY,21.7 ,19.6 ,18.0 ,16.6 ,16.1 ,15.5 ,14.9 ,14.4 ,13.5 ,12.6 ,11.5 ,11.0 
A;PC;B-S;CZ,23.3 ,25.4 ,25.0 ,20.9 ,21.8 ,21.7 ,21.3 ,21.6 ,21.5 d,20.7 d,20.3 d,19.5 d
A;PC;B-S;DE,: ,: ,: ,20.8 ,20.9 ,21.5 ,20.8 ,21.1 ,20.6 ,20.1 ,19.4 ,19.0 
A;PC;B-S;DK,17.3 ,15.1 ,15.7 ,16.8 ,16.0 ,16.4 ,16.2 ,15.7 ,14.7 ,14.7 ,14.5 ,14.3 
A;PC;B-S;EE,29.5 ,26.6 ,25.4 ,26.1 ,25.8 ,28.2 ,28.2 ,26.4 ,24.8 ,23.4 ,23.7 ,20.7 
A;PC;B-S;EL,: ,: ,: ,15.0 ,: ,: ,: ,: ,: ,: ,: ,7.4 p
A;PC;B-S;ES,: ,15.4 ,15.8 ,15.3 ,16.8 ,17.8 ,17.2 ,14.0 ,12.9 ,13.8 ,12.6 ,11.2 
A;PC;B-S;FI,20.1 ,20.2 ,20.3 ,20.0 ,18.6 ,18.8 ,18.5 ,18.2 ,17.3 ,17.3 ,16.9 ,16.7 
A;PC;B-S;FR,: ,: ,: ,15.5 ,15.0 ,15.0 ,15.2 ,15.4 ,15.3 ,15.5 ,15.5 ,15.6 
A;PC;B-S;HR,: ,: ,: ,5.5 ,: ,: ,8.8 ,8.6 ,: ,11.5 ,11.9 ,10.7 
A;PC;B-S;HU,16.1 ,16.7 ,15.5 ,15.9 ,15.9 ,17.0 ,15.8 ,13.7 ,12.9 ,14.3 ,13.5 ,11.9 
A;PC;B-S;IE,17.6 ,12.5 ,12.3 ,13.3 ,13.1 ,12.6 ,13.1 ,14.1 ,14.2 p,14.3 p,14.6 p,: 
A;PC;B-S;IS,23.4 ,20.5 ,18.0 ,17.5 ,17.5 ,17.2 ,18.5 ,16.4 ,17.0 ,15.6 ,15 ,13.5 
A;PC;B-S;IT,: ,: ,: ,: ,: ,: ,: ,7.4 ,: ,: ,: ,4.8 p
A;PC;B-S;LT,21.2 ,20.5 ,15.0 ,12 b,11.3 ,11.4 ,11.5 ,12.4 ,13.0 ,13.5 ,14.3 ,13.2 
A;PC;B-S;LU,: ,: ,: ,: ,: ,: ,: ,: ,: ,: ,2.9 ,1.6 
A;PC;B-S;LV,: ,: ,: ,13.2 ,12.0 ,13.0 ,14.2 ,15.8 ,16.3 ,17.8 ,17.9 ,17.6 
A;PC;B-S;MK,: ,: ,: ,: ,: ,: ,: ,8.3 ,: ,: ,: ,: 
A;PC;B-S;MT,: ,: ,: ,: ,: ,: ,: ,: ,: ,: ,: ,11.8 
A;PC;B-S;NL,19.7 ,19.3 ,18.9 ,18.0 ,17.8 ,16.9 ,15.7 ,15.2 ,15.3 ,14.8 ,14.4 ,14.2 
A;PC;B-S;NO,: ,: ,: ,16.7 ,16.2 ,14.9 ,15.6 ,: ,16.0 ,14.8 ,14.2 ,13.9 
A;PC;B-S;PL,14.2 ,11.1 ,8.0 ,4.9 ,5.9 ,6.8 ,7.3 ,7.7 ,7.4 ,7.1 ,7.2 ,8.8 
A;PC;B-S;PT,: ,: ,0.0 ,: ,: ,: ,: ,: ,: ,: ,: ,: 
A;PC;B-S;RO,10.5 d,6.9 d,6.7 d,8.4 ,9.0 ,6.1 ,3.7 ,3.4 ,4.5 e,3.6 e,1.6 e,1.0 
A;PC;B-S;RS,: ,: ,: ,: ,: ,: ,: ,: ,: ,: ,: ,8.8 
A;PC;B-S;SE,14.5 ,15.3 ,15.0 ,15.6 ,15.2 ,15.1 ,14.2 ,13.5 ,13.5 ,12.8 ,12.3 ,11.9 
A;PC;B-S;SI,4.9 ,4.1 ,-0.3 ,0.7 ,2.8 ,4.4 ,5.8 ,6.6 ,7.6 ,7.8 ,8.0 ,9.0 
A;PC;B-S;SK,22.7 ,20.4 ,21.7 ,19.6 ,19.9 ,20.8 ,18.7 ,19.8 ,19.8 ,19.0 ,19.9 ,19.7 
A;PC;B-S;UK,20.8 ,21.3 ,20.4 ,23.1 b,21.5 ,22.3 ,20.7 ,20.6 ,20.6 ,20.3 ,20.5 ,19.4 
A;PC;B-S_X_O;AT,25.5 ,25.1 ,24.3 ,24.0 ,23.5 ,22.9 ,22.3 ,22.2 ,21.8 ,20.8 ,20.7 ,20.4 
A;PC;B-S_X_O;BE,10.1 ,10.2 ,10.1 ,10.2 ,9.4 ,8.3 ,7.5 ,6.6 ,6.4 ,6.0 ,5.8 ,5.8 
A;PC;B-S_X_O;BG,12.1 ,12.3 ,13.3 ,13.0 ,13.2 ,15.1 ,14.1 ,14.2 ,15.5 ,14.6 ,14.3 ,13.9 
A;PC;B-S_X_O;CH,: ,18.4 d,18.4 d,17.8 ,17.6 ,17.4 ,17.6 ,17.4 ,17.2 ,17.0 ,17.0 ,: 
A;PC;B-S_X_O;CY,22.0 ,19.5 ,17.8 ,16.8 ,16.1 ,15.6 ,14.9 ,14.2 ,13.2 ,12.3 ,11.2 ,10.4 
A;PC;B-S_X_O;CZ,23.6 ,26.2 ,25.9 ,21.6 ,22.6 ,22.5 ,22.3 ,22.5 ,22.5 d,21.5 d,21.1 d,20.1 d
A;PC;B-S_X_O;DE,22.8 ,22.8 ,22.6 ,22.3 ,22.4 ,22.7 ,22.1 ,22.3 ,21.8 ,21.1 ,20.4 ,20.1 
A;PC;B-S_X_O;DK,17.7 ,17.1 ,16.8 ,17.1 ,16.4 ,16.8 ,16.5 ,16.0 ,15.1 ,15.1 ,14.8 ,14.6 
A;PC;B-S_X_O;EE,30.9 ,27.6 ,26.6 ,27.7 ,27.3 ,29.9 ,29.8 ,28.1 ,26.7 ,24.8 ,24.9 ,21.8 
A;PC;B-S_X_O;EL,21.5 ,22 d,: ,15.0 ,: ,: ,: ,12.5 ,: ,: ,: ,7.9 p
A;PC;B-S_X_O;ES,18.1 ,16.1 ,16.7 ,16.2 ,17.6 ,18.7 ,17.8 ,14.9 ,14.1 ,14.8 ,13.5 ,11.9 
A;PC;B-S_X_O;FI,20.2 ,20.5 ,20.8 ,20.3 ,19.1 ,19.2 ,18.8 ,18.4 ,17.5 ,17.6 ,17.2 ,17.1 
A;PC;B-S_X_O;FR,17.3 ,16.9 ,15.2 ,15.6 ,15.7 ,15.6 ,15.5 ,15.5 ,15.3 ,15.5 ,15.6 ,15.8 
A;PC;B-S_X_O;HR,: ,: ,: ,5.7 ,: ,: ,7.7 ,8.7 ,: ,11.1 ,11.6 ,10.5 
A;PC;B-S_X_O;HU,16.3 ,17.5 ,17.1 ,17.6 ,18.0 ,20.1 ,18.4 ,15.1 ,14.0 ,14.0 ,14.0 ,12.2 
A;PC;B-S_X_O;IE,17.3 ,12.6 ,12.6 ,13.9 ,12.7 ,12.2 ,12.9 ,13.9 ,13.9 p,14.2 p,14.4 p,: 
A;PC;B-S_X_O;IS,24.0 ,20.7 ,18.0 ,17.7 ,17.8 ,17.7 ,19.0 ,16.7 ,17.5 ,15.8 ,15.3 ,13.7 
A;PC;B-S_X_O;IT,5.1 ,4.9 ,5.5 ,5.3 ,5.7 ,6.5 ,7.0 ,6.1 ,5.5 ,5.3 ,5 p,3.9 p
A;PC;B-S_X_O;LT,22.6 ,21.6 ,15.3 ,11.9 b,11.5 ,11.9 ,12.2 ,13.3 ,14.2 ,14.4 ,15.2 ,14.0 
A;PC;B-S_X_O;LU,10.2 ,9.7 ,9.2 ,8.7 ,7.9 ,7.0 ,6.2 ,5.4 ,4.7 ,3.9 ,2.6 ,1.4 
A;PC;B-S_X_O;LV,13.6 ,11.8 ,13.1 ,15.5 ,14.1 ,14.9 ,16.0 ,17.3 ,18.4 ,19.7 ,19.8 ,19.6 
A;PC;B-S_X_O;ME,: ,: ,: ,: ,: ,: ,: ,7.7 ,: ,: ,: ,: 
A;PC;B-S_X_O;MK,: ,: ,: ,: ,: ,: ,: ,9.1 ,: ,: ,: ,: 
A;PC;B-S_X_O;MT,7.8 ,9.2 ,7.7 ,7.2 ,7.7 ,9.5 ,9.7 ,10.6 ,10.7 ,11.6 ,13.2 ,13.0 
A;PC;B-S_X_O;NL,19.3 ,18.9 ,18.5 ,17.8 ,18.6 ,17.6 ,16.6 ,16.2 ,16.1 ,15.6 ,15.1 ,14.7 
A;PC;B-S_X_O;NO,15.6 ,17.0 ,16.5 ,16.1 ,15.7 ,14.7 ,15.5 ,14.5 ,16.2 ,14.9 ,14.3 ,14 
A;PC;B-S_X_O;PL,14.9 ,11.4 ,8.0 ,4.5 ,5.5 ,6.4 ,7.1 ,7.7 ,7.3 ,7.1 ,7.0 ,8.5 
A;PC;B-S_X_O;PT,8.5 ,9.2 ,10.0 ,12.8 ,12.9 ,15.0 ,13.3 ,14.9 ,16.0 ,13.9 ,10.8 ,8.9 
A;PC;B-S_X_O;RO,12.5 d,8.5 d,7.4 d,8.8 ,9.6 ,6.9 ,4.9 ,4.5 ,5.6 e,4.8 e,2.9 e,2.2 
A;PC;B-S_X_O;RS,: ,: ,: ,: ,: ,: ,: ,8.7 ,: ,: ,: ,9.6 
A;PC;B-S_X_O;SE,17.8 ,16.9 ,15.7 ,15.4 ,15.6 ,15.5 ,14.6 ,13.8 ,14.0 ,13.3 ,12.5 ,12.1 
A;PC;B-S_X_O;SI,5.0 ,4.1 ,-0.9 ,0.9 ,3.3 ,4.5 ,6.3 ,7.0 ,8.2 ,8.1 ,8.4 ,9.3 
A;PC;B-S_X_O;SK,23.6 ,20.9 ,21.9 ,19.6 ,20.1 ,20.8 ,18.8 ,19.7 ,19.7 ,19.2 ,20.1 ,19.8 
A;PC;B-S_X_O;TR,: ,: ,: ,: ,: ,: ,: ,-1.3 ,: ,: ,: ,: 
A;PC;B-S_X_O;UK,20.8 ,21.4 ,20.6 ,23.3 b,21.8 ,22.6 ,21.0 ,20.9 ,21.0 ,20.7 ,20.8 ,19.8 
A;PC;C;AT,: ,: ,: ,24.4 ,: ,: ,: ,23.0 ,22.7 ,21.9 ,21.7 ,21.4 
A;PC;C;BE,13.3 ,12.5 ,11.9 ,11.5 ,10.1 ,8.9 ,7.6 ,6.4 ,7.4 ,8.6 ,9.6 ,10.7 
A;PC;C;BG,24.2 ,25.0 ,24.2 ,24.1 ,25.2 ,26.4 ,26.8 ,25.0 ,25.6 ,23.6 ,22.9 ,22.4 
A;PC;C;CH,: ,21.3 d,21.2 d,19.8 ,18.4 ,18.2 ,18.3 ,18.0 ,17.9 ,17.7 ,17.7 ,: 
A;PC;C;CY,: ,35.8 ,33.5 ,33.4 ,32.5 ,30.4 ,29.5 ,28.4 ,28.3 ,27.2 ,26.6 ,25.7 
A;PC;C;CZ,: ,29.8 ,30.4 ,28.1 ,27.8 ,27.5 ,27.4 ,27.6 ,27.3 d,25.1 d,25.1 d,24 d
A;PC;C;DE,28.9 ,28.4 ,27.8 ,27.4 ,27.2 ,26.5 ,26.2 ,26.5 ,25.3 ,24.7 ,24.1 ,23.3 
A;PC;C;DK,: ,15.4 ,14.5 ,13.9 ,13.2 ,13.6 ,12.8 ,12.5 ,11.0 ,10.8 ,10.1 ,10.1 
A;PC;C;EE,: ,30.7 ,31.2 ,31.6 ,31.5 ,33.3 ,33.6 ,30.4 ,30.4 ,30.1 ,29.1 ,28.2 
A;PC;C;EL,: ,: ,: ,18.3 ,: ,: ,: ,19.9 ,: ,: ,: ,23.2 p
A;PC;C;ES,25.6 ,23.5 ,21.9 ,22.3 ,24.2 ,23.6 ,22.4 ,19.1 ,19.0 ,18.1 ,16.6 ,17.0 
A;PC;C;FI,: ,15.2 ,14.7 ,14.4 ,13.1 ,12.8 ,12.1 ,11.4 ,9.9 ,9.5 ,8.5 ,7.5 
A;PC;C;FR,: ,18.0 ,16.4 ,16.2 ,15.2 ,15.0 ,15.0 ,14.4 ,14.3 ,14.3 ,14.4 ,14.4 
A;PC;C;HR,: ,: ,: ,18.4 ,: ,: ,18.3 ,19.2 ,: ,19.9 ,19.8 ,19.7 
A;PC;C;HU,: ,26.3 ,25.4 ,26.4 ,25.8 ,26.0 ,23.2 ,22.6 ,19.9 ,22.0 ,22.0 ,20.5 
A;PC;C;IE,: ,: ,: ,: ,: c,: c,: c,: c,: ,: ,: ,: 
A;PC;C;IS,26.1 ,22.6 ,21.4 ,23.3 ,20.7 ,19.8 ,19.1 ,15.3 ,16.5 ,14.8 ,16.5 ,16 
A;PC;C;IT,: ,: ,: ,16.0 ,16.1 ,17.4 ,18.9 ,17.7 ,15.0 ,16.7 ,16.7 p,15.5 p
A;PC;C;LT,32.0 ,32.7 ,31.5 ,30.4 b,27.1 ,26.9 ,26.2 ,25.8 ,26.2 ,25.9 ,24.1 ,24.6 
A;PC;C;LU,18.2 ,17.5 ,16.9 ,16.2 ,15.9 ,15.6 ,15.8 ,16.2 ,14.3 ,12.8 ,11.7 ,11.0 
A;PC;C;LV,: ,: ,: ,18.8 ,18.0 ,20.5 ,20.7 ,20.4 ,19.8 ,20.4 ,20.7 ,20.6 
A;PC;C;ME,: ,: ,: ,: ,: ,: ,: ,9.8 ,: ,: ,: ,: 
A;PC;C;MK,: ,: ,: ,: ,: ,: ,: ,21.3 ,: ,: ,: ,: 
A;PC;C;MT,: ,21.5 ,19.4 ,14.9 ,16.7 ,17.6 ,18.6 ,18.8 ,21.2 ,22.6 ,22.8 ,23.3 
A;PC;C;NL,: ,19.7 ,19.0 ,18.6 ,21.1 ,20.0 ,19.1 ,19.1 ,19.8 ,19.2 ,19.7 ,19.7 
A;PC;C;NO,: ,14.9 ,13.5 ,13.6 ,12.9 ,13.2 ,12.2 ,12.0 ,12.4 ,11.7 ,10.8 ,9.9 
A;PC;C;PL,30.4 ,27.2 ,24.1 ,20.9 ,21.2 ,21.4 ,21.2 ,20.9 ,20.6 ,20.3 ,20.0 ,18.4 
A;PC;C;PT,33.3 ,33.6 ,32.6 ,33.4 ,28.8 ,31.0 ,30.0 ,30.6 ,29.9 ,27.6 ,25.4 ,23.3 
A;PC;C;RO,24.8 d,23.4 d,22.9 d,22.6 ,21.8 ,21.6 ,20.5 ,19.6 ,18.5 e,19.9 e,20.1 e,22.1 
A;PC;C;RS,: ,: ,: ,: ,: ,: ,: ,18.6 ,: ,: ,: ,19.2 
A;PC;C;SE,: ,10.4 ,9.3 ,8.9 ,7.9 ,7.8 ,7.3 ,6.9 ,5.1 ,4.3 ,4.5 ,4.1 
A;PC;C;SI,17.7 ,17.7 ,13.4 ,12.9 ,13.6 ,13.4 ,13.9 ,13.9 ,14.2 ,14.5 ,14.7 ,15.1 
A;PC;C;SK,: ,29.2 ,29.2 ,27.4 ,27.9 ,27.4 ,27.7 ,27.4 ,26.6 ,26.1 ,25.8 ,25.2 
A;PC;C;TR,: ,: ,: ,: ,: ,: ,: ,16.2 ,: ,: ,: ,: 
A;PC;C;UK,21.5 ,23.0 ,21.5 ,23.1 b,21.1 ,20.7 ,18.5 ,19.4 ,20.2 ,18.3 ,16.9 ,16.1 
A;PC;D;AT,: ,: ,: ,23.6 ,: ,: ,: ,19.8 ,17.6 ,13.2 ,13.0 ,14.4 
A;PC;D;BE,31.1 ,30.8 ,30.4 ,29.6 ,27.7 ,26.0 ,24.2 ,22.4 ,18.5 ,14.1 ,10.0 ,6.1 
A;PC;D;BG,9.2 ,15.9 ,17.0 ,15.7 ,20.8 ,15.3 ,13.0 ,14.0 ,8.1 ,11.2 ,12.9 ,11.4 
A;PC;D;CH,: ,18.6 d,18.6 d,15.8 ,12.7 ,11.9 ,11.3 ,10.5 ,10.6 ,10.4 ,10.2 ,: 
A;PC;D;CY,: ,22.5 ,20.4 ,19.3 ,17.2 u,12.8 u,7.4 u,3.4 u,2.4 u,1.7 u,1.2 u,1 u
A;PC;D;CZ,: ,18.4 ,18.5 ,18.4 ,16.0 ,17.9 ,17.8 ,18.1 ,16.1 d,14.6 d,16.9 d,17.2 d
A;PC;D;DE,21.5 ,21.4 ,21.5 ,21.4 ,21.6 ,21.5 ,21.6 ,21.2 ,22.9 ,21.9 ,21.4 ,20.8 
A;PC;D;DK,: ,21.6 ,17.4 ,21.8 ,18.9 ,21.3 ,21.3 ,22.3 ,20.0 ,19.0 ,19.3 ,18.8 
A;PC;D;EE,: ,24.8 ,23.4 ,21.9 ,20.2 ,21.4 ,22.4 ,17.3 ,17.8 ,15.3 ,14.7 ,14.0 
A;PC;D;EL,: ,: ,: ,23.0 ,: ,: ,: ,26.9 ,: ,: ,: ,-32.7 p
A;PC;D;ES,18.9 ,14.2 ,17.6 ,14.0 ,8.8 ,13.2 ,15.2 ,17.3 ,15.8 ,12.2 ,15.9 ,15.1 
A;PC;D;FI,: ,20.3 ,20.3 ,20.4 ,17.1 ,15.2 ,15.6 ,15.8 ,15.1 ,16.9 ,17.2 ,17.6 
A;PC;D;FR,: ,11.8 ,11.2 ,11.2 ,9.8 ,10.5 ,12.7 ,13.3 ,11.3 ,10.5 ,9.7 ,8.9 
A;PC;D;HR,: ,: ,: ,11.7 ,: ,: ,3.0 ,-0.2 ,: ,1.7 ,0.4 ,0.6 
A;PC;D;HU,: ,13.0 ,14.4 ,17.4 ,17.0 ,18.5 ,16.7 ,7.3 ,16.5 ,15.8 ,17.8 ,17.6 
A;PC;D;IE,: ,: ,: ,: ,: c,: c,: c,: c,: ,: ,: ,: 
A;PC;D;IS,: ,18.3 ,19.1 ,14.0 ,11.2 ,14.8 ,12.6 ,11.7 ,11.9 ,13.0 ,8.7 ,8.3 
A;PC;D;IT,: ,: ,: ,8.2 ,: c,: c,: c,11.0 ,: c,: c,: c,10.6 p
A;PC;D;LT,20.1 ,20.1 ,18.9 ,16 b,10.3 ,10.6 ,9.9 ,10.0 ,10.0 ,10.6 ,10.6 ,9.2 
A;PC;D;LU,: ,: ,: ,5.1 u,2.9 ,0.7 ,-1.0 ,-2.0 ,0.1 ,2.2 ,3.3 ,: c
A;PC;D;LV,: ,: ,: ,17.7 ,21.5 ,21.2 ,20.6 ,21.9 ,16.5 ,12.4 ,5.2 ,5.3 
A;PC;D;ME,: ,: ,: ,: ,: ,: ,: ,11.2 ,: ,: ,: ,: 
A;PC;D;MK,: ,: ,: ,: ,: ,: ,: ,3.1 ,: ,: ,: ,: 
A;PC;D;MT,: ,4.4 ,3.1 ,6.8 ,13.9 ,15.6 ,11.4 ,: ,: ,: ,: ,11.9 
A;PC;D;NL,: ,52.2 ,53.7 ,49.2 ,22.5 ,20.0 ,18.8 ,17.5 ,18.0 ,17.5 ,15.2 ,15.0 
A;PC;D;NO,: ,11.8 ,12.7 ,11.4 ,9.8 ,9.1 ,7.7 ,9.0 ,10.4 ,10.1 ,9.5 ,7.3 
A;PC;D;PL,7.2 ,7.9 ,8.7 ,9.4 ,8.3 ,7.2 ,4.5 ,1.7 ,3.8 ,5.7 ,6.3 ,5.1 
A;PC;D;PT,15.6 ,15.0 ,14.4 ,13.8 ,2.0 ,1.9 ,3.0 ,0.6 ,5.2 ,7.9 ,3.7 ,0.4 
A;PC;D;RO,4.1 d,7 d,7.8 d,1.3 ,0.5 ,-1.8 ,-2.0 ,0.8 ,2.8 e,3.6 e,5.1 e,9.9 
A;PC;D;RS,: ,: ,: ,: ,: ,: ,: ,7.6 ,: ,: ,: ,15.1 
A;PC;D;SE,: ,11.5 ,11.5 ,10.3 ,9.7 ,8.0 ,8.0 ,8.8 ,9.1 ,8.2 ,9.7 ,9.5 
A;PC;D;SI,11.9 ,10.5 ,7.5 ,5.6 ,1.0 ,3.3 ,-0.8 ,-0.3 ,-0.3 ,1.4 ,-1.2 ,2.1 
A;PC;D;SK,: ,9.1 ,12.5 ,15.9 ,9.4 ,10.5 ,12.8 ,11.9 ,7.9 ,10.0 ,10.8 ,14.9 
A;PC;D;TR,: ,: ,: ,: ,: ,: ,: ,2.2 ,: ,: ,: ,: 
A;PC;D;UK,28.8 ,32.1 ,26.5 ,28.4 b,25.8 ,28.9 ,25.2 ,21.4 ,21.3 ,20.9 ,24.0 ,19.7 
A;PC;E;AT,: ,: ,: ,12.2 ,: ,: ,: ,10.0 ,9.3 ,8.2 ,8.4 ,8.1 
A;PC;E;BE,1.7 ,1.1 ,0.0 ,-0.5 ,-1.0 ,-1.2 ,-1.6 ,-2.0 ,1.6 ,5.0 ,8.4 ,11.8 
A;PC;E;BG,14.5 ,12.2 ,8.2 ,8.2 ,6.3 ,9.5 ,13.0 ,15.8 ,17.2 ,14.2 ,9.9 ,7.8 
A;PC;E;CH,: ,5.6 d,5.5 d,8.4 ,8.5 ,7.7 ,7.1 ,6.3 ,6.3 ,6.2 ,5.9 ,: 
A;PC;E;CY,: ,0.3 u,-6.5 u,-6.3 u,-6.5 u,-5.9 u,-6.9 u,-6.4 u,-7.7 u,-8.6 u,-8.8 u,-8.9 u
A;PC;E;CZ,: ,3.8 ,4.0 ,-1.2 ,2.1 ,2.6 ,0.8 ,1.1 ,4 d,4.5 d,7.3 d,9.7 d
A;PC;E;DE,8.3 ,7.3 ,5.4 ,4.7 ,5.5 ,3.5 ,4.4 ,4.9 ,4.4 ,5.3 ,4.2 ,3.8 
A;PC;E;DK,: ,11.1 ,7.8 ,13.8 ,9.1 ,6.4 ,4.3 ,6.6 ,3.8 ,1.9 ,3.2 ,3.9 
A;PC;E;EE,: ,14.9 ,17.2 ,18.5 ,15.1 ,11.0 ,12.4 ,13.6 ,12.0 ,11.2 ,7.2 ,7.0 
A;PC;E;EL,: ,: ,: ,11.2 ,: ,: ,: ,6.2 ,: ,: ,: ,13.1 p
A;PC;E;ES,20.3 ,17.0 ,16.4 ,17.5 ,17.7 ,16.4 ,15.5 ,13.5 ,14.2 ,12.4 ,12.3 ,10.5 
A;PC;E;FI,: ,5.8 ,8.0 ,7.0 ,7.4 ,7.7 ,6.9 ,4.2 ,2.5 ,-0.3 ,1.2 ,-1.0 
A;PC;E;FR,: ,-4.4 ,-8.2 ,-11.5 ,-6.5 ,-3.6 ,-0.3 ,3.6 ,2.6 ,1.3 ,-0.1 ,-1.3 
A;PC;E;HR,: ,: ,: ,5.5 ,: ,: ,0.9 ,0.2 ,: ,-1.0 ,-2 ,-1.4 
A;PC;E;HU,: ,1.9 ,0.0 ,-1.7 ,-0.9 ,-2.4 ,2.8 ,-5.4 ,-6.7 ,1.9 ,3.1 ,-3.4 
A;PC;E;IE,: ,18.2 ,16.9 ,18.9 ,: c,: c,: c,: c,: ,: ,: ,: 
A;PC;E;IS,: ,-5.4 u,1.6 u,-2.7 u,0.8 u,-2.8 u,4.4 u,5.9 u,-6.7 u,-1.2 u,-7.8 u,-9.8 u
A;PC;E;IT,: ,: ,: ,4.0 ,: c,: c,: c,4.5 ,: c,: c,: c,5.8 p
A;PC;E;LT,10.2 ,10.2 ,9.7 ,10.1 b,13.4 ,14.6 ,15.1 ,16.4 ,15.8 ,14.7 ,14.9 ,12.1 
A;PC;E;LU,: ,: ,: ,-21.0 ,-17.7 ,-14.0 ,-9.8 ,-6.3 ,3.6 ,12.9 ,12.0 ,: c
A;PC;E;LV,: ,: ,: ,11.5 ,14.6 ,15.3 ,19.4 ,15.4 ,14.8 ,16.9 ,18.8 ,13.9 
A;PC;E;ME,: ,: ,: ,: ,: ,: ,: ,7.1 ,: ,: ,: ,: 
A;PC;E;MK,: ,: ,: ,: ,: ,: ,: ,3.8 ,: ,: ,: ,: 
A;PC;E;MT,: ,4.7 ,3.5 ,-3.1 ,-0.3 ,2.5 ,5.3 ,11.6 ,15.9 ,15.8 ,18.7 ,19.6 
A;PC;E;NL,: ,20.7 ,15.3 ,15.8 ,3.2 ,1.8 ,3.0 ,2.2 ,5.6 u,7.8 u,10.7 u,12.9 u
A;PC;E;NO,: ,1.9 ,0.2 ,-0.5 ,0.8 ,-2.7 ,0.5 ,-2.9 ,-3.2 ,-3.9 ,-2.6 ,-4.2 
A;PC;E;PL,6.3 ,4.7 ,3.2 ,1.6 ,1.2 ,0.7 ,0.2 ,-0.4 ,-2.5 ,-4.5 ,-4.6 ,-0.4 
A;PC;E;PT,2.1 ,-6.7 ,-8.0 ,-5.0 ,-12.1 ,-5.8 ,-6.6 ,-7.9 ,-15.1 ,-21.5 ,-27.5 ,-33.2 
A;PC;E;RO,14.4 d,7.1 d,2.4 d,-5.3 ,-0.5 ,-2.6 ,-11.3 ,-5.0 ,-1.8 e,-0.4 e,2.4 e,1.2 
A;PC;E;RS,: ,: ,: ,: ,: ,: ,: ,0.5 ,: ,: ,: ,-2.9 
A;PC;E;SE,: ,2.0 ,2.0 ,2.8 ,0.6 ,-0.7 ,-0.5 ,0.6 ,-14.0 ,-12.0 ,-4.0 ,-16.0 
A;PC;E;SI,-15.1 ,-14.7 ,-16.8 ,-16.3 ,-15.6 ,-12.6 ,-8.3 ,-11.6 ,-13.0 ,-17.5 ,-20.0 ,-21.3 
A;PC;E;SK,: ,-5.7 ,-2.0 ,-9.1 ,-2.4 ,-1.5 ,-3.3 ,-6.5 ,-7.6 ,-4.6 ,-2.1 ,2.2 
A;PC;E;TR,: ,: ,: ,: ,: ,: ,: ,3.3 ,: ,: ,: ,: 
A;PC;E;UK,-0.3 ,-2.5 ,-8.9 ,-4.1 b,-0.5 ,-0.7 ,-0.4 ,-0.7 ,-1.6 ,-2.4 ,-2.0 ,-2.7 
A;PC;F;AT,: ,: ,: ,9.9 ,: ,: ,: ,8.2 ,8.2 ,8.3 ,8.3 ,8.3 
A;PC;F;BE,0.0 ,-0.6 ,-1.2 ,-1.6 ,-2.8 ,-4.0 ,-5.3 ,-6.6 ,-3.1 ,0.4 ,3.8 ,7.7 
A;PC;F;BG,-15.6 ,-10.3 ,-4.3 ,-4.6 ,-8.0 ,-6.0 ,-8.4 ,-8.2 ,-10.5 ,-12.6 ,-13.3 ,-14.5 
A;PC;F;CH,: ,7.8 d,7.7 d,8.9 ,8.7 ,8.6 ,8.4 ,7.7 ,6.7 ,6.4 ,6.2 ,: 
A;PC;F;CY,: ,16.5 ,15.3 ,16.4 ,14.7 ,10.0 ,8.7 ,8.8 ,7.2 u,4.7 u,2.6 u,-0.9 u
A;PC;F;CZ,: ,8.6 ,11.3 ,6.1 ,8.5 ,9.0 ,10.5 ,9.7 ,9.9 d,12.4 d,11.6 d,11.2 d
A;PC;F;DE,13.2 ,13.5 ,13.2 ,12.7 ,13.0 ,15.4 ,13.8 ,13.4 ,12.5 ,10.5 ,9.5 ,10.6 
A;PC;F;DK,: ,12.3 ,12.6 ,13.0 ,9.8 ,12.4 ,10.9 ,10.0 ,10.7 ,9.7 ,10.4 ,9.2 
A;PC;F;EE,: ,22.6 ,21.1 ,19.3 ,19.1 ,22.3 ,23.5 ,17.8 ,19.8 ,16.3 ,17.3 ,13.6 
A;PC;F;EL,: ,: ,: ,1.8 ,: ,: ,: ,6.3 ,: ,: ,: ,10.6 p
A;PC;F;ES,3.2 ,2.9 ,3.3 ,3.0 ,4.5 ,4.5 ,5.0 ,-3.5 ,2.3 ,-0.7 ,-2.1 ,-8.3 
A;PC;F;FI,: ,8.6 ,8.1 ,7.6 ,7.3 ,6.0 ,5.7 ,5.6 ,2.8 ,2.6 ,2.2 ,1.5 
A;PC;F;FR,: ,-4.7 ,-6.7 ,-9.1 ,-8.4 ,-7.4 ,-6.2 ,-5.4 ,-7.4 ,-9.2 ,-11.2 ,-13.0 
A;PC;F;HR,: ,: ,: ,-21.8 ,: ,: ,-28.3 ,-24.5 ,: ,-11.7 ,-15.8 ,-15.2 
A;PC;F;HU,: ,-13.2 ,-15.3 ,-11.4 ,-12.4 ,-12.8 ,-12.7 ,-17.9 ,-18.7 ,-11.5 ,-7.4 ,-12.6 
A;PC;F;IE,: ,-11.9 ,11.0 ,2.8 ,28.9 ,30.1 ,31.8 ,30.9 ,: ,: ,: ,: 
A;PC;F;IS,-6.6 u,-11.9 u,-27.3 u,-18.6 u,-9.1 u,-12.9 u,-2.3 u,0.2 u,1.0 u,-11.2 u,-7 u,-8.1 u
A;PC;F;IT,: ,: ,: ,-0.6 ,: c,: c,: c,9.9 ,: c,: c,: c,6.1 p
A;PC;F;LT,16.6 ,6.9 ,-0.5 ,-9.1 b,0.7 ,-0.7 ,-1.2 ,2.2 ,3.4 ,2.5 ,1.5 ,-1.5 
A;PC;F;LU,-6.6 ,-7.0 ,-7.3 ,-7.7 u,-6.4 ,-4.0 ,-1.7 ,-0.6 ,-2.5 ,-4.5 ,-6.5 ,-8.4 
A;PC;F;LV,: ,: ,: ,2.8 ,-0.6 ,0.2 ,0.4 ,1.3 ,4.4 ,8.1 ,4.2 ,3.9 
A;PC;F;ME,: ,: ,: ,: ,: ,: ,: ,: u,: ,: ,: ,: 
A;PC;F;MK,: ,: ,: ,: ,: ,: ,: ,-2.6 ,: ,: ,: ,: 
A;PC;F;MT,: ,1.8 ,3.5 ,7.3 ,0.8 ,-2.0 ,-3.6 ,-6.7 ,-3.6 ,1.7 ,-7.0 ,4.0 
A;PC;F;NL,: ,18.7 ,17.5 ,17.1 ,15.3 ,14.2 ,13.2 ,12.8 ,13.9 ,13.4 ,13.1 ,13.5 
A;PC;F;NO,: ,4.3 ,6.2 ,3.7 ,2.0 ,0.9 ,1.1 ,1.6 ,-3.7 ,-4.3 ,-4.8 ,-5.7 
A;PC;F;PL,-2.7 ,-5.2 ,-7.8 ,-10.3 ,-10.3 ,-10.3 ,-10.8 ,-11.4 ,-13.3 ,-15.3 ,-15.5 ,-8.7 
A;PC;F;PT,-20.4 ,-20.3 ,-20.3 ,-20.2 ,-12.3 ,-9.3 ,-11.1 ,-5.4 ,-7.3 ,-6.7 ,-9.2 ,-10.3 
A;PC;F;RO,-9 d,-10.9 d,-19.8 d,-20.1 ,-20.1 ,-20.8 ,-24.8 ,-26.1 ,-24.7 e,-21.6 e,-22.5 e,-19.8 
A;PC;F;RS,: ,: ,: ,: ,: ,: ,: ,-3.4 ,: ,: ,: ,-22.4 
A;PC;F;SE,: ,4.6 ,3.9 ,1.9 ,2.8 ,4.3 ,1.1 ,-2.2 ,3.4 ,5.5 ,2.8 ,0.1 
A;PC;F;SI,-19.6 ,-24.1 ,-28.7 ,-24.8 ,-21.4 ,-21.9 ,-20.6 ,-21.0 ,-22.7 ,-26.0 ,-26.3 ,-27.0 
A;PC;F;SK,: ,8.7 ,9.1 ,4.6 ,1.5 ,8.8 ,5.1 ,8.2 ,4.8 ,3.8 ,6.8 ,11.0 
A;PC;F;TR,: ,: ,: ,: ,: ,: ,: ,-23.7 ,: ,: ,: ,: 
A;PC;F;UK,14.3 ,17.0 ,20.7 ,25.1 b,20.3 ,22.3 ,22.0 ,18.3 ,13.5 ,16.7 ,12.2 ,11.8 
A;PC;G;AT,: ,: ,: ,27.5 ,: ,: ,: ,23.4 ,23.3 ,23.3 ,23.2 ,23.2 
A;PC;G;BE,18.6 ,18.2 ,17.6 ,17.1 ,15.6 ,14.6 ,13.3 ,12.1 ,11.6 ,11.1 ,10.6 ,10.2 
A;PC;G;BG,10.7 ,14.4 ,14.5 ,11.8 ,9.6 ,12.3 ,11.9 ,14.0 ,15.5 ,13.9 ,12.9 ,12.6 
A;PC;G;CH,: ,27.1 d,27.1 d,27.3 ,23.4 ,23.1 ,22.9 ,22.3 ,21.9 ,21.6 ,21.7 ,: 
A;PC;G;CY,: ,32.7 ,31.7 ,31.2 ,30.5 ,28.7 ,25.4 ,23.6 ,24.9 ,26.0 ,27.0 ,28.0 
A;PC;G;CZ,: ,34.9 ,34.1 ,28.4 ,27.9 ,26.0 ,25.8 ,26.7 ,27.7 d,25.4 d,24.6 d,22.9 d
A;PC;G;DE,25.3 ,25.3 ,25.1 ,25.1 ,24.9 ,25.8 ,24.2 ,24.6 ,22.6 ,21.9 ,22.5 ,22.3 
A;PC;G;DK,: ,22.2 ,21.0 ,21.5 ,22.3 ,19.9 ,20.8 ,19.4 ,18.6 ,19.1 ,18.0 ,17.8 
A;PC;G;EE,: ,34.3 ,35.5 ,37.0 ,37.6 ,38.5 ,38.0 ,37.5 ,37.3 ,32.0 ,30.5 ,31.9 
A;PC;G;EL,: ,: ,: ,17.6 ,: ,: ,: ,18.3 ,: ,: ,: ,19.3 p
A;PC;G;ES,24.0 ,23.2 ,23.7 ,23.5 ,26.5 ,25.9 ,25.6 ,21.8 ,21.0 ,22.1 ,19.9 ,19.8 
A;PC;G;FI,: ,24.5 ,22.0 ,22.7 ,22.5 ,23.0 ,22.5 ,20.0 ,21.0 ,21.6 ,20.5 ,21.0 
A;PC;G;FR,: ,23.0 ,22.0 ,22.0 ,19.9 ,18.5 ,17.1 ,15.7 ,16.0 ,16.7 ,17.8 ,18.4 
A;PC;G;HR,: ,: ,: ,12.6 ,: ,: ,20.1 ,21.3 ,: ,18.8 ,24.3 ,24 
A;PC;G;HU,: ,16.3 ,17.5 ,15.8 ,11.9 ,15.7 ,14.8 ,19.8 ,16.6 ,20.7 ,14.6 ,10.9 
A;PC;G;IE,: ,22.0 ,18.8 ,23.7 ,22.4 ,21.9 ,22.0 ,20.7 ,: ,: ,: ,: 
A;PC;G;IS,25.8 ,22.3 ,23.4 ,20.6 ,19.2 ,18.4 ,18.1 ,18.3 ,19.5 ,18.3 ,17 ,14.7 
A;PC;G;IT,: ,: ,: ,15.5 ,15.7 ,: c,18.6 ,17.3 ,16.8 ,16.3 ,15.2 p,16.3 p
A;PC;G;LT,29.2 ,26.1 ,26.9 ,18.5 b,19.2 ,20.0 ,22.0 ,22.6 ,24.8 ,26.0 ,23.3 ,23.9 
A;PC;G;LU,26.6 ,26.8 ,26.9 ,27.0 ,25.0 ,23.3 ,21.8 ,21.8 ,21.0 ,21.0 ,19.5 ,18.9 
A;PC;G;LV,: ,: ,: ,26.3 ,21.9 ,23.1 ,23.5 ,24.4 ,25.4 ,24.2 ,30.3 ,27.9 
A;PC;G;ME,: ,: ,: ,: ,: ,: ,: ,16.3 ,: ,: ,: ,: 
A;PC;G;MK,: ,: ,: ,: ,: ,: ,: ,21.4 ,: ,: ,: ,: 
A;PC;G;MT,: ,28.4 ,28.2 ,29.9 ,27.6 ,24.6 ,22.0 ,18.7 ,18.7 ,17.5 ,17.7 ,16.3 
A;PC;G;NL,: ,18.4 ,17.8 ,17.2 ,27.9 ,26.8 ,26.3 ,26.0 ,25.8 ,26.1 ,25.4 ,24.7 
A;PC;G;NO,: ,21.4 ,20.4 ,18.9 ,18.0 ,18.0 ,17.7 ,17.2 ,18.0 ,18.0 ,17.8 ,17.3 
A;PC;G;PL,27.0 ,26.9 ,26.8 ,26.7 ,25.6 ,24.4 ,26.6 ,28.8 ,27.5 ,26.2 ,25.8 ,24.4 
A;PC;G;PT,23.8 ,24.4 ,22.0 ,23.7 ,20.5 ,20.2 ,20.2 ,20.6 ,21.4 ,21.0 ,17.4 ,17.7 
A;PC;G;RO,13.7 d,14.6 d,11 d,12.3 ,10.1 ,10.5 ,7.0 ,9.0 ,12.7 e,12.9 e,10.8 e,14.1 
A;PC;G;RS,: ,: ,: ,: ,: ,: ,: ,11.1 ,: ,: ,: ,8.7 
A;PC;G;SE,: ,17.1 ,14.6 ,14.2 ,14.4 ,12.6 ,12.1 ,11.9 ,14.7 ,14.2 ,13.9 ,13.4 
A;PC;G;SI,14.8 ,15.4 ,13.3 ,11.3 ,13.1 ,13.5 ,14.2 ,15.9 ,17.5 ,19.2 ,20.8 ,22.4 
A;PC;G;SK,: ,24.2 ,28.5 ,28.0 ,26.4 ,27.8 ,25.9 ,25.5 ,29.3 ,28.6 ,31.1 ,26.7 
A;PC;G;TR,: ,: ,: ,: ,: ,: ,: ,8.3 ,: ,: ,: ,: 
A;PC;G;UK,27.1 ,27.3 ,26.5 ,28 b,25.0 ,26.7 ,25.5 ,24.9 ,23.2 ,21.7 ,22.5 ,21.9 
A;PC;H;AT,: ,: ,: ,7.3 ,: ,: ,: ,10.6 ,11.6 ,14.5 ,12.4 ,11.7 
A;PC;H;BE,5.5 ,5.0 ,4.6 ,4.1 ,4.5 ,4.9 ,5.3 ,5.6 ,5.3 ,4.7 ,4.1 ,3.6 
A;PC;H;BG,14.0 ,15.3 ,12.6 ,16.3 ,14.5 ,12.3 ,8.2 ,4.5 ,6.6 ,8.3 ,10.3 ,10.1 
A;PC;H;CH,: ,19.2 d,19.1 d,13.7 ,13.1 ,13.4 ,13.1 ,12.8 ,13.2 ,13.3 ,13.3 ,: 
A;PC;H;CY,: ,38.8 ,41.6 ,36.8 ,34.2 ,32.6 ,32.0 ,31.0 ,26.4 ,23.7 ,19.4 ,16.3 
A;PC;H;CZ,: ,8.8 ,8.2 ,3.5 ,1.8 ,-0.3 ,0.0 ,0.5 ,1.6 d,2.9 d,3.7 d,5.3 d
A;PC;H;DE,7.2 ,6.4 ,4.9 ,3.9 ,5.0 ,7.3 ,5.3 ,5.6 ,6.4 ,5.3 ,4.3 ,4.4 
A;PC;H;DK,: ,17.1 ,15.9 ,13.8 ,12.2 ,11.7 ,11.0 ,10.9 ,10.5 ,10.7 ,8.8 ,7.6 
A;PC;H;EE,: ,18.2 ,16.3 ,14.7 ,11.6 ,8.6 ,9.7 ,14.6 ,4.9 ,2.5 ,9.2 ,6.6 
A;PC;H;EL,: ,: ,: ,20.0 ,: ,: ,: ,15.2 ,: ,: ,: ,22.5 p
A;PC;H;ES,15.2 ,12.0 ,13.8 ,11.1 ,11.0 ,11.3 ,12.0 ,12.0 ,7.9 ,7.7 ,8.4 ,5.8 
A;PC;H;FI,: ,9.9 ,12.1 ,14.9 ,10.9 ,10.8 ,10.4 ,9.3 ,8.5 ,9.3 ,8.4 ,8.1 
A;PC;H;FR,: ,3.6 ,3.5 ,2.3 ,0.6 ,1.1 ,0.8 ,0.2 ,0.7 ,1.6 ,1.7 ,2.5 
A;PC;H;HR,: ,: ,: ,12.5 ,: ,: ,9.5 ,6.5 ,: ,4.3 ,8.1 ,8.2 
A;PC;H;HU,: ,4.2 ,5.8 ,4.5 ,-0.7 ,-0.3 ,-3.3 ,-2.6 ,-4.1 ,-6.4 ,-4.7 ,-4.2 
A;PC;H;IE,: ,9.8 ,8.3 ,10.9 ,14.1 ,13.6 ,15.9 ,16.7 ,: ,: ,: ,: 
A;PC;H;IS,24.7 ,23.0 ,20.0 ,16.1 ,16.5 ,15.4 ,18.4 ,18.6 ,19.2 ,19.9 ,16.8 ,17 
A;PC;H;IT,: ,: ,: ,3.1 ,2.5 ,5.6 ,6.0 ,6.7 ,6.9 ,7.1 ,5.7 p,9.1 p
A;PC;H;LT,2.1 ,6.1 ,3.0 ,4.9 b,-1.6 ,-2.7 ,-3.9 ,-4.2 ,-7.4 ,-7.6 ,-10.1 ,-12.6 
A;PC;H;LU,: ,: ,: ,7.1 ,8.9 ,8.7 ,5.3 ,5.2 ,6.6 ,7.5 ,6.9 ,5.3 
A;PC;H;LV,: ,: ,: ,14.8 ,8.4 ,8.1 ,5.8 ,5.5 ,6.4 ,11.1 ,10.4 ,11.0 
A;PC;H;ME,: ,: ,: ,: ,: ,: ,: ,-1.2 ,: ,: ,: ,: 
A;PC;H;MK,: ,: ,: ,: ,: ,: ,: ,-10.0 ,: ,: ,: ,: 
A;PC;H;MT,: ,13.1 ,12.0 ,10.4 ,8.6 ,9.4 ,8.3 ,8.3 ,8.2 ,9.5 ,12.6 ,11.1 
A;PC;H;NL,: ,20.2 ,19.2 ,18.2 ,12.8 ,11.8 ,11.3 ,11.1 ,11.9 ,10.7 ,12.0 ,14.2 
A;PC;H;NO,: ,12.8 ,12.1 ,12.1 ,11.5 ,10.5 ,12.3 ,10.7 ,11.1 ,10.4 ,9.7 ,9.1 
A;PC;H;PL,-7.3 ,-6.1 ,-4.9 ,-3.7 ,-3.8 ,-3.9 ,-3.3 ,-2.8 ,-3.5 ,-4.2 ,-4.4 ,-5.6 
A;PC;H;PT,-7.0 ,-9.6 ,-13.2 ,-18.0 ,-17.7 ,-20.2 ,-23.9 ,-22.0 ,-18.7 ,-18.7 ,-19.5 ,-19.0 
A;PC;H;RO,3.6 d,3.6 d,9.5 d,1.9 ,3.2 ,-3.6 ,-5.1 ,-8.9 ,-9.5 e,-7.7 e,-4.6 e,-4.5 
A;PC;H;RS,: ,: ,: ,: ,: ,: ,: ,-4.9 ,: ,: ,: ,-3.4 
A;PC;H;SE,: ,6.2 ,4.8 ,4.7 ,3.6 ,2.8 ,3.2 ,1.4 ,-7.0 ,1.4 ,1.3 ,0.5 
A;PC;H;SI,-8.1 ,-11.2 ,-15.0 ,-15.2 ,-20.0 ,-21.9 ,-17.9 ,-17.3 ,-18.1 ,-20.2 ,-20.3 ,-20.5 
A;PC;H;SK,: ,7.2 ,3.7 ,2.4 ,1.4 ,5.3 ,3.9 ,4.9 ,5.3 ,3.5 ,7.2 ,8.1 
A;PC;H;TR,: ,: ,: ,: ,: ,: ,: ,-14.4 ,: ,: ,: ,: 
A;PC;H;UK,8.4 ,2.4 ,4.2 ,4.4 b,4.5 ,7.9 ,4.3 ,7.9 ,7.6 ,3.9 ,8.4 ,5.9 
A;PC;I;AT,: ,: ,: ,9.9 ,: ,: ,: ,7.4 ,6.4 ,5.9 ,5.7 ,5.4 
A;PC;I;BE,10.7 ,9.6 ,9.2 ,8.7 ,7.9 ,7.0 ,6.2 ,5.4 ,4.9 ,4.4 ,3.7 ,3.3 
A;PC;I;BG,8.0 ,11.2 ,9.7 ,9.6 ,11.5 ,13.2 ,8.5 ,11.7 ,10.7 ,9.2 ,8.5 ,6.8 
A;PC;I;CH,: ,9.4 d,9.3 d,8.4 ,8.9 ,8.0 ,8.7 ,8.1 ,8.0 ,8.1 ,8.0 ,: 
A;PC;I;CY,: ,23.3 ,23.1 ,22.1 ,20.3 ,18.8 ,17.8 ,16.3 ,16.5 ,16.7 ,17.0 ,17.6 
A;PC;I;CZ,: ,16.1 ,16.6 ,8.3 ,6.9 ,5.9 ,5.8 ,5.1 ,7.6 d,5.6 d,8.3 d,7.1 d
A;PC;I;DE,13.7 ,13.5 ,13.2 ,12.9 ,12.4 ,11.6 ,10.7 ,10.5 ,9.5 ,9.0 ,8.5 ,8.3 
A;PC;I;DK,: ,2.8 ,4.7 ,6.7 ,8.1 ,5.6 ,5.2 ,4.7 ,3.8 ,5.6 ,5.7 ,5.4 
A;PC;I;EE,: ,18.1 ,20.8 ,23.7 ,20.6 ,24.6 ,25.0 ,20.9 ,14.3 ,20.8 ,17.0 ,13.4 
A;PC;I;EL,: ,: ,: ,13.7 ,: ,: ,: ,10.5 ,: ,: ,: ,4.5 p
A;PC;I;ES,18.8 ,16.7 ,17.2 ,18.0 ,16.0 ,18.1 ,15.2 ,12.1 ,12.5 ,13.5 ,8.3 ,7.5 
A;PC;I;FI,: ,13.0 ,12.7 ,12.6 ,11.9 ,11.1 ,11.3 ,10.3 ,9.3 ,8.3 ,8.5 ,9.0 
A;PC;I;FR,: ,10.8 ,10.5 ,10.3 ,9.6 ,9.0 ,8.2 ,7.6 ,7.6 ,8.0 ,8.1 ,8.4 
A;PC;I;HR,: ,: ,: ,12.1 ,: ,: ,12.6 ,9.4 ,: ,15.1 ,16.3 ,16.2 
A;PC;I;HU,: ,18.9 ,17.3 ,12.8 ,20.7 ,15.8 ,15.7 ,16.9 ,13.8 ,18.0 ,13.5 ,9.9 
A;PC;I;IE,: ,18.3 ,9.5 ,12.9 ,13.2 ,12.8 ,12.6 ,18.3 ,: ,: ,: ,: 
A;PC;I;IS,: ,: ,: ,: ,: ,: ,: ,: ,: ,: ,: ,4.5 
A;PC;I;IT,: ,: ,: ,12.5 ,: c,: c,: c,8.3 ,12.7 ,8.7 ,7.7 p,8.7 p
A;PC;I;LT,16.3 ,19.4 ,20.9 ,14.9 b,14.6 ,11.8 ,9.3 ,12.1 ,14.6 ,14.7 ,13.3 ,16.7 
A;PC;I;LU,17.7 ,17.4 ,17.2 ,17.0 ,16.8 ,16.0 ,13.5 ,12.9 ,12.3 ,12.1 ,11.2 ,12.0 
A;PC;I;LV,: ,: ,: ,23.0 ,21.4 ,21.9 ,14.0 ,14.9 ,16.7 ,20.3 ,15.6 ,13.9 
A;PC;I;ME,: ,: ,: ,: ,: ,: ,: ,3.9 ,: ,: ,: ,: 
A;PC;I;MK,: ,: ,: ,: ,: ,: ,: ,5.0 ,: ,: ,: ,: 
A;PC;I;MT,: ,15.0 ,15.5 ,16.6 ,14.6 ,14.1 ,13.4 ,12.8 ,13.2 ,15.4 ,12.3 ,9.7 
A;PC;I;NL,: ,20.2 ,19.0 ,20.2 ,13.8 ,13.4 ,13.5 ,12.7 ,11.8 ,10.4 ,9.2 ,8.0 
A;PC;I;NO,: ,9.6 ,9.8 ,9.5 ,8.8 ,8.6 ,7.9 ,8.2 ,9.3 ,8.6 ,8.6 ,7.2 
A;PC;I;PL,14.2 ,18.7 ,23.2 ,27.7 ,19.5 ,11.2 ,11.6 ,11.9 ,12.0 ,12.0 ,12.0 ,9.7 
A;PC;I;PT,23.6 ,23.1 ,23.4 ,29.7 ,21.6 ,20.1 ,19.0 ,17.7 ,18.1 ,17.5 ,15.8 ,16.1 
A;PC;I;RO,14.4 d,8.5 d,11.4 d,7.0 ,5.5 ,5.4 ,3.6 ,4.1 ,5.8 e,5.7 e,6.6 e,7.6 
A;PC;I;RS,: ,: ,: ,: ,: ,: ,: ,7.4 ,: ,: ,: ,9.2 
A;PC;I;SE,: ,9.0 ,8.3 ,8.9 ,8.1 ,7.6 ,5.8 ,6.3 ,6.2 ,6.9 ,6.9 ,5.8 
A;PC;I;SI,16.6 ,16.6 ,14.6 ,13.9 ,11.1 ,10.0 ,8.3 ,7.6 ,8.2 ,7.8 ,7.8 ,7.4 
A;PC;I;SK,: ,18.5 ,16.5 ,11.3 ,0.4 ,13.7 ,12.4 ,14.9 ,13.6 ,11.6 ,13.3 ,12.1 
A;PC;I;TR,: ,: ,: ,: ,: ,: ,: ,8.2 ,: ,: ,: ,: 
A;PC;I;UK,21.1 ,22.8 ,14.8 ,15.6 b,14.8 ,14.4 ,12.2 ,11.3 ,10.6 ,12.0 ,8.7 ,10.2 
A;PC;J;AT,: ,: ,: ,21.2 ,: ,: ,: ,22.9 ,22.4 ,20.9 ,20.6 ,20.7 
A;PC;J;BE,16.3 ,16.0 ,15.3 ,15.2 ,14.4 ,13.5 ,12.7 ,11.8 ,11.8 ,11.6 ,11.4 ,11.2 
A;PC;J;BG,14.0 ,13.7 ,19.7 ,13.8 ,9.4 ,14.5 ,17.7 ,17.9 ,19.4 ,19.5 ,21.7 ,21.7 
A;PC;J;CH,: ,23.8 d,23.7 d,24.2 ,21.3 ,21.0 ,21.7 ,21.6 ,21.5 ,20.9 ,20.7 ,: 
A;PC;J;CY,: ,27.0 ,26.7 ,24.7 ,21.1 ,24.1 ,20.1 ,14.9 ,13.7 ,14.2 ,14.8 ,15.7 
A;PC;J;CZ,: ,34.5 ,35.5 ,33.0 ,31.4 ,31.6 ,31.6 ,31.9 ,32.5 d,32.8 d,32.8 d,31.6 d
A;PC;J;DE,28.9 ,28.7 ,28.6 ,28.1 ,28.1 ,28.1 ,27.3 ,26.2 ,25.0 ,25.3 ,25.2 ,25.0 
A;PC;J;DK,: ,20.0 ,18.8 ,20.3 ,18.9 ,19.5 ,17.8 ,18.1 ,17.3 ,17.3 ,17.3 ,16.9 
A;PC;J;EE,: ,29.3 ,29.5 ,29.5 ,23.8 ,30.6 ,30.1 ,27.5 ,25.5 ,26.4 ,25.8 ,25.4 
A;PC;J;EL,: ,: ,: ,25.4 ,: ,: ,: ,21.7 ,: ,: ,: ,20.6 p
A;PC;J;ES,16.5 ,14.9 ,17.1 ,14.7 ,16.0 ,16.9 ,16.6 ,13.7 ,12.8 ,12.5 ,11.0 ,12.0 
A;PC;J;FI,: ,18.0 ,16.4 ,15.7 ,14.9 ,13.5 ,13.2 ,12.6 ,13.2 ,12.5 ,12.7 ,12.4 
A;PC;J;FR,: ,18.6 ,18.0 ,17.7 ,15.9 ,14.4 ,13.8 ,12.3 ,12.6 ,13.3 ,13.8 ,14.4 
A;PC;J;HR,: ,: ,: ,16.6 ,: ,: ,19.6 ,11.7 ,: ,12.6 ,14.3 ,14.2 
A;PC;J;HU,: ,17.4 ,22.4 ,24.6 ,27.6 ,28.3 ,25.5 ,24.1 ,22.0 ,20.6 ,24.7 ,18.5 
A;PC;J;IE,: ,26.7 ,25.0 ,26.2 ,18.1 ,17.4 ,15.9 ,17.3 ,: ,: ,: ,: 
A;PC;J;IS,28.2 p,18.8 p,15.1 p,17.9 p,17.4 p,18.2 p,17.7 p,18.2 p,14.5 p,12.1 p,10.6 p,10.4 p
A;PC;J;IT,: ,: ,: ,17.9 ,: c,: c,: c,18.9 ,17.4 ,18.9 ,18.6 p,15.8 p
A;PC;J;LT,22.2 ,30.7 ,28.4 ,25.2 b,25.7 ,26.4 ,27.8 ,28.8 ,30.0 ,31.0 ,29.8 ,29.9 
A;PC;J;LU,: ,: ,: ,17.8 ,19.2 ,19.9 ,20.3 ,19.9 ,19.9 ,19.0 ,18.0 ,17.8 
A;PC;J;LV,: ,: ,: ,25.0 ,20.7 ,16.3 ,14.0 ,10.3 ,15.3 ,23.8 ,29.3 ,28.2 
A;PC;J;ME,: ,: ,: ,: ,: ,: ,: ,4.3 ,: ,: ,: ,: 
A;PC;J;MK,: ,: ,: ,: ,: ,: ,: ,3.8 ,: ,: ,: ,: 
A;PC;J;MT,: ,16.3 ,12.4 ,11.0 ,12.2 ,15.3 ,17.1 ,18.6 ,18.5 ,17.0 ,18.6 ,15.5 
A;PC;J;NL,: ,18.4 ,17.9 ,17.4 ,19.2 ,18.2 ,17.2 ,17.8 ,18.5 ,17.9 ,17.8 ,17.2 
A;PC;J;NO,: ,17.6 ,17.4 ,16.8 ,17.2 ,16.0 ,14.7 ,15.3 ,15.9 ,15.2 ,14.7 ,14.8 
A;PC;J;PL,29.2 ,27.6 ,26.1 ,24.5 ,23.5 ,22.4 ,24.0 ,25.5 ,25.6 ,25.6 ,25.5 ,28.2 
A;PC;J;PT,15.6 ,17.6 ,17.4 ,13.2 ,14.5 ,12.4 ,10.8 ,10.0 ,11.0 ,11.1 ,11.5 ,11.7 
A;PC;J;RO,5.3 d,8.9 d,7.1 d,9.8 ,12.2 ,13.3 ,17.5 ,16.6 ,20.4 e,19.4 e,20.2 e,22.7 
A;PC;J;RS,: ,: ,: ,: ,: ,: ,: ,14.9 ,: ,: ,: ,14.5 
A;PC;J;SE,: ,16.1 ,14.2 ,14.0 ,15.0 ,13.8 ,12.9 ,11.3 ,10.6 ,11.6 ,10.1 ,8.4 
A;PC;J;SI,16.6 ,16.0 ,16.4 ,14.6 ,14.0 ,14.3 ,14.2 ,15.0 ,16.7 ,16.9 ,18.3 ,19.4 
A;PC;J;SK,: ,31.1 ,29.9 ,27.3 ,28.3 ,27.0 ,27.9 ,28.5 ,27.1 ,26.3 ,27.5 ,25.6 
A;PC;J;TR,: ,: ,: ,: ,: ,: ,: ,5.9 ,: ,: ,: ,: 
A;PC;J;UK,18.2 ,22.3 ,21.8 ,23.3 b,21.6 ,22.6 ,18.4 ,17.0 ,17.0 ,17.4 ,17.5 ,14.4 
A;PC;K;AT,: ,: ,: ,30.3 ,: ,: ,: ,30.4 ,30.3 ,27.1 ,28.4 ,28.2 
A;PC;K;BE,23.0 ,22.6 ,22.2 ,22.1 ,21.6 ,21.2 ,20.8 ,20.2 ,17.0 ,13.5 ,10.2 ,6.9 
A;PC;K;BG,24.7 ,23.6 ,23.8 ,24.5 ,20.8 ,25.5 ,24.9 ,23.1 ,22.7 ,22.3 ,24.2 ,25.9 
A;PC;K;CH,: ,32.8 d,32.7 d,32.0 ,31.5 ,31.1 ,31.1 ,31.0 ,30.6 ,30.5 ,30.3 ,: 
A;PC;K;CY,: ,31.5 ,29.1 ,27.3 ,26.1 ,25.4 ,24.6 ,24.4 ,23.6 ,22.1 ,21.2 ,19.5 
A;PC;K;CZ,: ,46.6 ,49.0 ,42.1 ,44.3 ,45.1 ,40.9 ,41.4 ,40.9 d,40.4 d,39.5 d,39 d
A;PC;K;DE,29.4 ,29.6 ,29.6 ,30.0 ,30.1 ,29.6 ,29.3 ,28.7 ,27.8 ,26.2 ,25.0 ,24.2 
A;PC;K;DK,: ,22.4 ,22.5 ,23.0 ,22.3 ,21.3 ,21.4 ,20.6 ,20.0 ,19.5 ,18.9 ,18.2 
A;PC;K;EE,: ,40.7 ,42.3 ,43.9 ,41.1 ,44.9 ,45.0 ,42.3 ,35.4 ,34.8 ,40.2 ,33.9 
A;PC;K;EL,: ,: ,: ,17.8 ,: ,: ,: ,16.8 ,: ,: ,: ,14 p
A;PC;K;ES,23.3 ,22.1 ,23.3 ,22.5 ,22.8 ,21.9 ,22.6 ,18.1 ,17.6 ,19.0 ,16.1 ,15.0 
A;PC;K;FI,: ,36.6 ,36.6 ,36.4 ,35.3 ,35.3 ,35.0 ,34.2 ,32.4 ,31.4 ,30.1 ,29.3 
A;PC;K;FR,: ,34.1 ,31.4 ,30.7 ,29.6 ,30.2 ,30.7 ,30.9 ,30.8 ,31.2 ,31.8 ,32.3 
A;PC;K;HR,: ,: ,: ,7.0 ,: ,: ,12.1 ,21.0 ,: ,5.0 ,25 ,24.9 
A;PC;K;HU,: ,36.3 ,39.7 ,38.6 ,37.2 ,38.7 ,38.0 ,36.8 ,23.9 ,34.2 ,37.0 ,31.7 
A;PC;K;IE,: ,: ,: ,: ,: c,: c,: c,: c,: ,: ,: ,: 
A;PC;K;IS,42.6 ,42.8 ,36.8 ,32.2 ,34.2 ,34.9 ,38.1 ,38.8 ,37.4 ,39.5 ,39.4 ,35.8 
A;PC;K;IT,: ,: ,: ,21.7 ,22.2 ,23.4 ,24.9 ,22.4 ,22.0 ,18.1 ,18.3 p,24.1 p
A;PC;K;LT,46.4 ,47.7 ,45.4 ,44.3 b,40.8 ,40.0 ,39.9 ,39.9 ,37.2 ,35.7 ,34.2 ,32.1 
A;PC;K;LU,29.1 ,28.1 ,27.0 ,26.0 ,25.7 ,24.0 ,23.0 ,22.5 ,23.8 ,24.5 ,24.3 ,25.3 
A;PC;K;LV,: ,: ,: ,37.6 ,33.5 ,35.2 ,30.6 ,34.8 ,30.9 ,28.8 ,34.2 ,33.5 
A;PC;K;ME,: ,: ,: ,: ,: ,: ,: ,18.1 ,: ,: ,: ,: 
A;PC;K;MK,: ,: ,: ,: ,: ,: ,: ,15.3 ,: ,: ,: ,: 
A;PC;K;MT,: ,26.0 ,28.7 ,30.6 ,29.1 ,28.1 ,28.1 ,27.3 ,30.0 ,29.9 ,27.5 ,26.5 
A;PC;K;NL,: ,25.1 ,24.4 ,23.9 ,30.2 ,29.3 ,28.4 ,28.3 ,29.8 ,30.1 ,30.1 ,29.2 
A;PC;K;NO,: ,35.2 ,31.4 ,31.4 ,31.8 ,29.9 ,29.8 ,29.9 ,31.3 ,30.4 ,30.4 ,30 
A;PC;K;PL,35.2 ,36.3 ,37.4 ,38.5 ,37.7 ,36.9 ,36.8 ,36.7 ,33.6 ,30.4 ,30.4 ,30.8 
A;PC;K;PT,24.9 ,24.4 ,23.3 ,25.9 ,25.8 ,22.9 ,22.1 ,21.6 ,22.8 ,21.8 ,20.7 ,19.9 
A;PC;K;RO,15.5 d,20.4 d,23.2 d,17.8 ,21.9 ,17.7 ,21.7 ,20.9 ,24.6 e,30.1 e,29.5 e,32.6 
A;PC;K;RS,: ,: ,: ,: ,: ,: ,: ,12.9 ,: ,: ,: ,20.1 
A;PC;K;SE,: ,34.0 ,32.3 ,32.3 ,31.4 ,30.0 ,28.9 ,27.7 ,26.0 ,26.3 ,24.5 ,24.2 
A;PC;K;SI,28.8 ,29.0 ,24.8 ,22.8 ,22.2 ,21.7 ,22.5 ,23.7 ,23.3 ,22.5 ,23.9 ,24.3 
A;PC;K;SK,: ,38.2 ,39.6 ,37.1 ,37.6 ,35.1 ,35.3 ,35.4 ,38.0 ,36.2 ,34.9 ,33.9 
A;PC;K;TR,: ,: ,: ,: ,: ,: ,: ,9.8 ,: ,: ,: ,: 
A;PC;K;UK,41.6 ,40.7 ,39.5 ,43.6 b,39.4 ,42.3 ,39.2 ,39.0 ,37.2 ,35.8 ,34.7 ,33.4 
A;PC;L;AT,: ,: ,: ,27.0 ,: ,: ,: ,27.8 ,28.0 ,28.7 ,29.0 ,29.2 
A;PC;L;BE,19.0 ,18.5 ,18.2 ,17.8 ,14.2 ,10.8 ,7.2 ,3.6 ,5.3 ,6.9 ,8.5 ,10.1 
A;PC;L;BG,2.2 ,7.1 ,3.4 ,-0.2 ,-0.3 ,8.8 ,10.5 ,10.8 ,4.0 ,3.4 ,-2.4 ,-11.1 
A;PC;L;CH,: ,22 d,22 d,22.5 ,20.9 ,20.7 ,20.9 ,20.6 ,20.4 ,20.3 ,20.4 ,: 
A;PC;L;CY,: ,27.7 u,16.2 u,15.6 u,14.2 u,13.7 u,11.4 u,10.6 u,-4.6 u,-19.6 u,-34.4 u,-47.9 u
A;PC;L;CZ,: ,11.6 ,15.6 ,21.8 ,20.7 ,12.0 ,15.8 ,14.2 ,10.5 d,12 d,15 d,12.2 d
A;PC;L;DE,19.6 ,20.9 ,21.5 ,20.5 ,17.6 ,17.0 ,17.1 ,16.3 ,14.5 ,16.7 ,13.8 ,16.4 
A;PC;L;DK,: ,18.3 ,11.4 ,11.3 ,10.2 ,9.6 ,7.9 ,9.7 ,9.5 ,10.8 ,9.8 ,7.9 
A;PC;L;EE,: ,15.7 ,19.3 ,22.8 ,28.4 ,19.5 ,17.8 ,28.6 ,14.7 ,15.0 ,12.7 ,16.5 
A;PC;L;EL,: ,: ,: ,-12.9 ,: ,: ,: ,-6.2 ,: ,: ,: ,27.3 p
A;PC;L;ES,21.7 ,23.6 ,18.0 ,22.6 ,21.9 ,19.4 ,21.4 ,18.0 ,21.3 ,20.3 ,10.8 ,14.9 
A;PC;L;FI,: ,21.7 ,19.8 ,19.2 ,19.8 ,19.6 ,18.3 ,18.4 ,20.4 ,17.8 ,19.0 ,18.1 
A;PC;L;FR,: ,22.6 ,23.1 ,21.3 ,19.2 ,15.9 ,13.5 ,11.1 ,12.5 ,13.5 ,14.4 ,15.3 
A;PC;L;HR,: ,: ,: ,18.3 ,: ,: ,13.0 ,11.6 ,: ,14.7 ,14.7 ,15.1 
A;PC;L;HU,: ,9.7 ,5.3 ,14.9 ,3.4 ,-1.3 ,3.3 ,7.3 ,0.6 ,10.9 ,19.3 ,7.6 
A;PC;L;IE,: ,32.1 ,28.1 ,29.5 ,: c,: c,: c,: c,: ,: ,: ,: 
A;PC;L;IT,: ,: ,: ,25.2 ,: c,: c,: c,27.8 ,: c,: c,: c,18 p
A;PC;L;LT,11.5 ,11.3 ,18.5 ,13.3 b,15.7 ,15.3 ,15.2 ,15.0 ,14.5 ,13.9 ,12.9 ,13.9 
A;PC;L;LU,: ,: ,: ,25.4 u,23.0 ,22.1 ,23.8 ,23.2 ,20.7 ,18.8 ,16.4 ,14.7 
A;PC;L;LV,: ,: ,: ,7.9 ,10.4 ,: u,15.4 ,19.4 ,17.5 ,16.8 ,10.2 ,14.1 
A;PC;L;ME,: ,: ,: ,: ,: ,: ,: ,27.7 ,: ,: ,: ,: 
A;PC;L;MK,: ,: ,: ,: ,: ,: ,: ,-3.9 ,: ,: ,: ,: 
A;PC;L;MT,: ,26.1 ,33.3 ,44.8 ,24.9 u,19.7 u,18.9 u,14.2 u,23.1 u,28.1 u,18.7 u,23.7 u
A;PC;L;NL,: ,13.6 ,13.0 ,11.6 ,19.4 ,18.1 ,17.2 ,16.6 ,17.6 ,17.8 ,18.5 ,18.5 
A;PC;L;NO,: ,18.8 ,19.3 ,18.0 ,15.9 ,16.5 ,13.0 ,17.7 ,19.8 ,20.3 ,18.4 ,19.3 
A;PC;L;PL,13.6 ,13.1 ,12.7 ,12.2 ,13.1 ,13.9 ,14.2 ,14.5 ,11.2 ,7.9 ,8.1 ,7.6 
A;PC;L;PT,38.5 ,37.6 ,36.6 ,35.7 ,36.8 ,27.0 ,17.9 ,16.2 ,14.4 ,11.3 ,7.1 ,2.3 
A;PC;L;RO,-16.8 d,6.6 d,7.7 d,11.3 ,18.5 ,8.3 ,3.3 ,0.6 ,4.8 e,9.8 e,10.3 e,1.4 
A;PC;L;RS,: ,: ,: ,: ,: ,: ,: ,0.5 ,: ,: ,: ,9.8 
A;PC;L;SE,: ,12.4 ,11.5 ,11.6 ,9.2 ,10.2 ,10.0 ,9.9 ,6.6 ,6.4 ,6.5 ,4.2 
A;PC;L;SI,18.1 ,14.4 ,7.4 ,8.9 ,7.3 ,1.1 ,-5.6 ,-4.5 ,-2.8 ,-3.2 ,-0.3 ,5.0 
A;PC;L;SK,: ,13.0 ,26.8 ,18.5 ,25.4 ,21.3 ,36.4 ,21.8 ,23.3 ,26.4 ,24.0 ,19.1 
A;PC;L;TR,: ,: ,: ,: ,: ,: ,: ,-3.3 ,: ,: ,: ,: 
A;PC;L;UK,29.0 ,37.9 ,28.3 ,26.6 b,28.9 ,28.3 ,27.5 ,22.7 ,22.0 ,22.7 ,20.2 ,17.1 
A;PC;M;AT,: ,: ,: ,34.0 ,: ,: ,: ,31.5 ,31.3 ,30.4 ,29.4 ,28.3 
A;PC;M;BE,20.4 ,20.1 ,19.5 ,19.4 ,18.3 ,17.3 ,16.3 ,15.3 ,12.9 ,10.4 ,8.0 ,5.5 
A;PC;M;BG,-9.2 ,11.8 ,11.7 ,8.4 ,6.4 ,12.6 ,14.0 ,13.1 ,11.1 ,4.8 ,8.6 ,12.1 
A;PC;M;CH,: ,27.4 d,27.3 d,24.0 ,23.4 ,23.3 ,23.3 ,22.6 ,22.6 ,22.7 ,22.7 ,: 
A;PC;M;CY,: ,37.3 ,35.3 ,33.6 ,34.1 ,35.4 ,36.2 ,35.4 ,34.2 ,32.7 ,31.0 ,29.7 
A;PC;M;CZ,: ,25.8 ,28.0 ,27.2 ,25.6 ,27.7 ,26.3 ,27.8 ,24.8 d,25.7 d,24 d,25 d
A;PC;M;DE,34.2 ,33.9 ,34.0 ,33.7 ,32.8 ,33.6 ,31.4 ,31.3 ,30.4 ,30.6 ,29.7 ,29.4 
A;PC;M;DK,: ,23.1 ,23.2 ,24.4 ,23.9 ,23.4 ,22.8 ,21.6 ,20.6 ,20.3 ,19.9 ,19.4 
A;PC;M;EE,: ,19.5 ,18.7 ,18.7 ,23.8 ,20.5 ,21.6 ,20.2 ,25.2 ,21.9 ,28.0 ,16.7 
A;PC;M;EL,: ,: ,: ,27.8 ,: ,: ,: ,12.0 ,: ,: ,: ,20.1 p
A;PC;M;ES,24.6 ,24.4 ,23.3 ,22.2 ,23.1 ,23.6 ,20.5 ,19.8 ,19.4 ,20.4 ,22.3 ,18.7 
A;PC;M;FI,: ,20.2 ,19.5 ,18.9 ,17.6 ,16.9 ,16.8 ,16.7 ,15.2 ,16.2 ,15.5 ,15.3 
A;PC;M;FR,: ,27.0 ,25.2 ,24.4 ,23.7 ,23.5 ,23.5 ,23.2 ,22.6 ,22.7 ,22.8 ,22.8 
A;PC;M;HR,: ,: ,: ,5.4 ,: ,: ,16.1 ,6.7 ,: ,14.6 ,12.7 ,12.7 
A;PC;M;HU,: ,12.0 ,10.2 ,14.7 ,14.4 ,12.7 ,13.9 ,12.8 ,12.1 ,17.1 ,16.4 ,20.7 
A;PC;M;IE,: ,23.8 ,32.1 ,30.7 ,22.3 ,17.7 ,21.4 ,21.4 ,: ,: ,: ,: 
A;PC;M;IT,: ,: ,: ,21.1 ,28.1 ,23.9 ,28.9 ,25.6 ,29.1 ,28.9 ,29.1 p,23.2 p
A;PC;M;LT,12.6 ,23.2 ,21.4 ,15.6 b,15.3 ,14.6 ,19.8 ,17.4 ,18.3 ,17.8 ,19.4 ,21.5 
A;PC;M;LU,: ,: ,: ,21.1 ,22.3 ,22.8 ,23.3 ,24.7 ,24.7 ,24.6 ,24.1 ,23.0 
A;PC;M;LV,: ,: ,: ,13.3 ,9.5 ,11.8 ,12.7 ,16.0 ,17.3 ,14.5 ,24.5 ,15.8 
A;PC;M;ME,: ,: ,: ,: ,: ,: ,: ,-22.6 ,: ,: ,: ,: 
A;PC;M;MK,: ,: ,: ,: ,: ,: ,: ,27.5 ,: ,: ,: ,: 
A;PC;M;MT,: ,16.5 ,10.9 ,8.4 ,9.7 ,13.7 ,17.6 ,21.6 ,25.0 ,27.4 ,25.9 ,25.7 
A;PC;M;NL,: ,18.7 ,18.1 ,17.4 ,26.5 ,25.4 ,24.5 ,24.1 ,24.2 ,23.7 ,23.3 ,22.7 
A;PC;M;NO,: ,23.3 ,23.0 ,22.8 ,22.0 ,21.5 ,21.6 ,20.0 ,21.8 ,20.8 ,20.4 ,19.6 
A;PC;M;PL,23.7 ,21.6 ,19.5 ,17.4 ,18.3 ,19.2 ,19.2 ,19.2 ,16.9 ,14.6 ,14.5 ,19.2 
A;PC;M;PT,15.1 ,14.3 ,13.5 ,12.7 ,23.4 ,23.1 ,17.5 ,16.3 ,19.6 ,19.6 ,19.0 ,18.7 
A;PC;M;RO,-17 d,-0.3 d,-1.4 d,-0.2 ,2.3 ,-1.0 ,1.3 ,1.1 ,1.2 e,-0.1 e,3.7 e,5.1 
A;PC;M;RS,: ,: ,: ,: ,: ,: ,: ,3.3 ,: ,: ,: ,6.5 
A;PC;M;SE,: ,20.0 ,18.2 ,18.3 ,17.3 ,18.9 ,15.9 ,15.7 ,16.9 ,14.0 ,12.2 ,12.5 
A;PC;M;SI,15.3 ,14.3 ,12.5 ,13.9 ,11.0 ,5.9 ,1.8 ,-0.7 ,1.0 ,3.4 ,7.1 ,10.4 
A;PC;M;SK,: ,21.4 ,23.3 ,12.7 ,11.4 ,18.4 ,13.0 ,19.0 ,14.6 ,15.8 ,16.7 ,16.4 
A;PC;M;TR,: ,: ,: ,: ,: ,: ,: ,10.4 ,: ,: ,: ,: 
A;PC;M;UK,30.0 ,32.2 ,29.2 ,30.1 b,29.3 ,28.4 ,26.3 ,25.1 ,26.0 ,24.3 ,27.2 ,27.9 
A;PC;N;AT,: ,: ,: ,22.5 ,: ,: ,: ,19.5 ,20.0 ,17.8 ,17.4 ,17.1 
A;PC;N;BE,19.5 ,18.9 ,18.0 ,17.6 ,15.4 ,13.4 ,11.3 ,9.2 ,9.0 ,8.8 ,8.6 ,8.6 
A;PC;N;BG,-15.3 ,-13.0 ,-4.2 ,-7.5 ,-15.7 ,-14.9 ,-14.5 ,-27.9 ,-28.5 ,-27.9 ,-29.2 ,-33.2 
A;PC;N;CH,: ,21.4 d,21.3 d,21.6 ,17.4 ,17.3 ,17.6 ,17.4 ,17.4 ,17.2 ,17.0 ,: 
A;PC;N;CY,: ,29.0 ,27.9 ,19.7 ,16.5 ,14.5 ,10.8 ,8.7 ,9.2 ,6.5 ,5.8 ,3.8 
A;PC;N;CZ,: ,13.0 ,11.0 ,7.6 ,9.1 ,7.9 ,7.8 ,6.6 ,6.7 d,7.2 d,9.6 d,9.5 d
A;PC;N;DE,14.2 ,13.9 ,14.5 ,12.4 ,12.9 ,12.4 ,14.0 ,14.9 ,14.4 ,13.2 ,13.0 ,14.0 
A;PC;N;DK,: ,2.6 ,-1.5 ,3.5 ,7.0 ,7.0 ,4.2 ,1.7 ,3.0 ,2.2 ,1.0 ,-0.5 
A;PC;N;EE,: ,21.1 ,18.2 ,16.0 ,9.1 ,22.0 ,24.2 ,26.0 ,11.5 ,20.5 ,13.2 ,16.3 
A;PC;N;EL,: ,: ,: ,5.0 ,: ,: ,: ,15.0 ,: ,: ,: ,-0.3 p
A;PC;N;ES,16.8 ,16.1 ,16.5 ,16.4 ,16.4 ,15.0 ,14.6 ,14.6 ,16.7 ,16.3 ,15.3 ,16.9 
A;PC;N;FI,: ,10.6 ,14.1 ,15.8 ,14.2 ,13.9 ,13.3 ,11.4 ,13.1 ,13.0 ,12.8 ,13.1 
A;PC;N;FR,: ,8.4 ,5.4 ,9.0 ,8.8 ,9.0 ,9.5 ,10.4 ,8.0 ,6.9 ,4.9 ,3.9 
A;PC;N;HR,: ,: ,: ,10.1 ,: ,: ,-7.6 ,-10.8 ,: ,-18.6 ,-3.5 ,-3.4 
A;PC;N;HU,: ,16.2 ,2.4 ,5.0 ,11.1 ,6.5 ,9.1 ,8.2 ,7.0 ,5.9 ,6.0 ,12.2 
A;PC;N;IE,: ,-4.2 ,19.1 ,15.7 ,17.7 ,13.3 ,14.8 ,12.2 ,: ,: ,: ,: 
A;PC;N;IT,: ,: ,: ,8.4 ,: c,: c,: c,10.8 ,13.5 ,9.2 ,8.8 p,8.7 p
A;PC;N;LT,13.7 ,22.0 ,11.9 ,14.1 b,10.7 ,12.4 ,12.5 ,13.5 ,13.2 ,12.5 ,10.6 ,9.1 
A;PC;N;LU,: ,: ,: ,15.1 ,13.0 ,14.1 ,14.1 ,13.8 ,13.0 ,12.1 ,11.0 ,10.2 
A;PC;N;LV,: ,: ,: ,6.7 ,11.7 ,14.9 ,15.3 ,14.3 ,11.3 ,16.6 ,14.1 ,23.0 
A;PC;N;ME,: ,: ,: ,: ,: ,: ,: ,13.0 ,: ,: ,: ,: 
A;PC;N;MK,: ,: ,: ,: ,: ,: ,: ,5.5 ,: ,: ,: ,: 
A;PC;N;MT,: ,15.8 ,14.9 ,8.4 ,13.6 ,13.4 ,14.0 ,16.4 ,14.2 ,13.6 ,12.0 ,16.9 
A;PC;N;NL,: ,15.6 ,15.5 ,15.1 ,11.3 ,11.5 ,11.8 ,10.6 ,10.4 ,9.9 ,9.7 ,9.7 
A;PC;N;NO,: ,9.6 ,10.3 ,9.9 ,8.8 ,7.5 ,8.3 ,8.6 ,9.1 ,8.1 ,7.6 ,8.8 
A;PC;N;PL,18.4 ,12.2 ,6.0 ,-0.2 ,1.1 ,2.3 ,0.8 ,-0.8 ,0.5 ,1.7 ,1.7 ,0.6 
A;PC;N;PT,10.4 ,17.3 ,15.2 ,22.0 ,21.8 ,23.8 ,25.9 ,27.7 ,22.1 ,19.1 ,11.3 ,8.1 
A;PC;N;RO,-14.6 d,25.8 d,-27.9 d,-21.3 ,-26.0 ,-32.5 ,-31.9 ,-30.3 ,-27.5 e,-27.1 e,-23.1 e,-21.2 
A;PC;N;RS,: ,: ,: ,: ,: ,: ,: ,-4.5 ,: ,: ,: ,2.2 
A;PC;N;SE,: ,9.5 ,7.0 ,8.8 ,7.1 ,7.0 ,6.2 ,6.9 ,5.5 ,5.6 ,3.7 ,1.4 
A;PC;N;SI,18.8 ,18.8 ,15.1 ,12.7 ,11.0 ,8.6 ,7.4 ,6.4 ,8.8 ,11.1 ,13.7 ,14.4 
A;PC;N;SK,: ,1.5 ,7.3 ,6.2 ,7.8 ,9.2 ,8.8 ,10.0 ,9.6 ,8.6 ,7.8 ,4.9 
A;PC;N;TR,: ,: ,: ,: ,: ,: ,: ,-3.6 ,: ,: ,: ,: 
A;PC;N;UK,10.0 ,8.5 ,9.8 ,14.9 b,10.5 ,11.5 ,8.9 ,10.4 ,9.7 ,9.1 ,10.0 ,9.5 
A;PC;O;BG,4.9 ,10.8 ,13.0 ,12.5 ,9.5 ,9.2 ,3.7 ,5.2 ,7.0 ,6.3 ,8.8 ,8.3 
A;PC;O;CH,: ,17.5 d,17.4 d,17.2 ,17.9 ,18.3 ,17.9 ,17.9 ,17.6 ,17.6 ,17.6 ,: 
A;PC;O;CY,: ,20.4 ,18.8 ,16.0 ,16.2 ,14.5 ,14.1 ,13.6 ,14.1 ,14.4 ,11.8 ,13.9 
A;PC;O;CZ,: ,18.1 ,17.0 ,16.3 ,14.2 ,13.8 ,12.3 ,12.6 ,13.2 d,13.2 d,14.1 d,15.7 d
A;PC;O;DE,: ,: ,: ,8.5 ,8.0 ,8.1 ,7.8 ,8.2 ,8.0 ,7.9 ,7.7 ,6.9 
A;PC;O;DK,: ,5.0 ,11.0 ,11.7 ,9.5 ,9.4 ,10.0 ,11.0 ,7.9 ,7.7 ,7.8 ,9.3 
A;PC;O;EE,: ,16.0 ,13.4 ,10.6 ,9.8 ,8.8 ,8.4 ,8.4 ,6.2 ,8.2 ,11.3 ,7.2 
A;PC;O;EL,: ,: ,: ,15.9 ,: ,: ,: ,: ,: ,: ,: ,-16.7 p
A;PC;O;ES,: ,12.0 ,11.1 ,10.1 ,12.5 ,10.5 ,12.1 ,6.6 ,5.1 ,6.9 ,6.2 ,6.3 
A;PC;O;FI,: ,18.0 ,17.6 ,18.3 ,15.5 ,16.1 ,15.9 ,17.0 ,16.4 ,14.6 ,14.4 ,13.3 
A;PC;O;FR,: ,: ,: ,11.6 ,12.2 ,11.6 ,13.0 ,12.2 ,12.2 ,11.8 ,11.5 ,11.1 
A;PC;O;HR,: ,: ,: ,9.0 ,: ,: ,20.8 ,14.9 ,: ,13.3 ,12.9 ,12.8 
A;PC;O;HU,: ,15.1 ,7 d,3.7 ,3.9 ,-1.7 ,-0.8 ,3.6 ,4.2 ,13.5 ,5.2 ,5.6 
A;PC;O;IE,: ,11.4 ,8.6 ,7.0 ,16.6 ,14.8 ,14.6 ,14.1 ,: ,: ,: ,: 
A;PC;O;IS,15.2 p,16.5 p,15.6 p,14.5 p,13.3 p,12.5 p,11.6 p,9.8 p,8.6 p,10.9 p,9.7 p,8.7 p
A;PC;O;IT,: ,: ,: ,: ,: ,: ,: ,13.7 ,: ,: ,: ,8.5 p
A;PC;O;LT,5.5 ,7.4 ,8.7 ,7.6 b,6.4 ,4.9 ,4.1 ,3.2 ,2.4 ,4.3 ,5.2 ,5.1 
A;PC;O;LV,: ,: ,: ,-3.4 ,-4.4 ,-3.7 ,-2.2 ,1.4 ,-4.4 ,-1.1 ,-2.2 ,-2.8 
A;PC;O;MK,: ,: ,: ,: ,: ,: ,: ,0.9 ,: ,: ,: ,: 
A;PC;O;MT,: ,: ,: ,: ,: ,: ,: ,: ,: ,: ,: ,-5.5 
A;PC;O;NL,: ,15.9 ,15.3 ,13.7 ,8.1 ,6.7 ,4.5 ,3.2 ,3.6 ,3.2 ,2.1 ,2.6 
A;PC;O;NO,: ,: ,: ,20.9 ,18.0 ,16.7 ,16.5 ,: ,13.9 ,13.3 ,13 ,12.5 
A;PC;O;PL,17.6 ,17.3 ,17.1 ,16.8 ,17.2 ,17.6 ,16.8 ,16.0 ,15.7 ,15.3 ,15.5 ,15.1 
A;PC;O;PT,: ,: ,0.0 ,: ,: ,: ,: ,: ,: ,: ,: ,: 
A;PC;O;RO,-0.8 d,-2.1 d,3.7 d,-0.2 ,2.0 ,0.2 ,0.2 ,-1.1 ,-0.1 e,-1 e,1.3 e,2.3 
A;PC;O;RS,: ,: ,: ,: ,: ,: ,: ,: ,: ,: ,: ,0.7 
A;PC;O;SE,: ,12.2 ,10.7 ,10.1 ,8.1 ,6.8 ,5.4 ,3.7 ,7.2 ,7.3 ,7.1 ,7.6 
A;PC;O;SI,4.9 ,6.7 ,8.5 ,5.5 ,5.0 ,4.9 ,3.5 ,4.1 ,4.1 ,7.5 ,8.3 ,10.4 
A;PC;O;SK,: ,19.6 ,21.2 ,23.2 ,18.9 ,20.9 ,18.1 ,21.4 ,22.9 ,19.8 ,23.3 ,19.0 
A;PC;O;UK,20.8 ,19.8 ,17.7 ,19.4 b,17.1 ,15.6 ,14.4 ,13.7 ,12.7 ,13.3 ,14.1 ,12.0 
A;PC;P;AT,: ,: ,: ,27.8 ,: ,: ,: ,24.3 ,24.2 ,24.3 ,23.7 ,23.6 
A;PC;P;BE,3.7 ,3.6 ,3.5 ,3.4 ,3.3 ,3.3 ,3.1 ,2.9 ,3.7 ,4.2 ,4.7 ,5.1 
A;PC;P;BG,13.4 ,11.9 ,14.5 ,13.2 ,11.3 ,13.9 ,12.4 ,15.6 ,17.1 ,14.6 ,13.1 ,12.0 
A;PC;P;CH,: ,13.7 d,13.6 d,12.5 ,8.1 ,8.0 ,8.0 ,7.9 ,7.9 ,6.9 ,7.0 ,: 
A;PC;P;CY,: ,13.0 ,11.3 ,11.4 ,10.3 ,8.9 ,7.3 ,7.0 ,10.0 ,13.2 ,16.4 ,19.1 
A;PC;P;CZ,: ,25.4 ,24.8 ,21.7 ,24.3 ,24.6 ,25.5 ,25.9 ,25.3 d,24.7 d,24.4 d,23.5 d
A;PC;P;DE,14.7 ,12.8 ,11.1 ,9.6 ,10.5 ,10.5 ,11.4 ,12.7 ,11.8 ,11.6 ,10.6 ,10.1 
A;PC;P;DK,: ,8.6 ,8.7 ,10.3 ,8.6 ,8.2 ,8.4 ,7.1 ,5.8 ,5.3 ,5.5 ,5.7 
A;PC;P;EE,: ,24.0 ,23.9 ,23.8 ,25.5 ,25.9 ,26.0 ,22.3 ,21.2 ,18.6 ,15.2 ,15.9 
A;PC;P;EL,: ,: ,: ,12.4 ,: ,: ,: ,9.6 ,: ,: ,: ,4.5 p
A;PC;P;ES,11.5 ,10.5 ,10.8 ,10.5 ,12.8 ,11.3 ,9.5 ,7.9 ,5.9 ,9.2 ,9.7 ,9.6 
A;PC;P;FI,: ,16.9 ,15.4 ,15.8 ,16.3 ,15.8 ,15.7 ,15.3 ,15.0 ,13.0 ,12.5 ,12.0 
A;PC;P;FR,: ,15.8 ,13.1 ,13.9 ,13.4 ,14.3 ,15.1 ,17.5 ,17.1 ,16.9 ,16.7 ,16.5 
A;PC;P;HR,: ,: ,: ,19.1 ,: ,: ,11.5 ,12.9 ,: ,17.8 ,19.8 ,19.7 
A;PC;P;HU,: ,20.6 ,18.9 ,20.7 ,17.6 ,19.9 ,36.0 ,13.4 ,11.7 ,14.2 ,11.5 ,12.7 
A;PC;P;IE,: ,26.0 ,25.9 ,25.3 ,18.0 ,15.7 ,14.1 ,16.9 ,: ,: ,: ,: 
A;PC;P;IS,21.8 p,21.8 p,17.3 p,15.9 p,15.7 p,15.1 p,14.9 p,13.3 p,13.2 p,12.7 p,12.9 p,10.8 p
A;PC;P;IT,: ,: ,: ,12.6 ,11.8 ,8.0 ,6.1 ,7.6 ,: c,: c,: c,7.7 p
A;PC;P;LT,-0.1 ,2.0 ,-3.2 ,-1.7 b,-1.7 ,-0.4 ,-0.1 ,3.1 ,2.3 ,2.5 ,0.5 ,1.4 
A;PC;P;LU,15.5 ,12.5 ,9.6 ,6.7 ,6.5 ,5.5 ,4.8 ,3.8 ,3.9 ,3.7 ,3.7 ,3.4 
A;PC;P;LV,: ,: ,: ,0.8 ,2.2 ,1.4 ,2.5 ,2.2 ,6.1 ,5.4 ,3.2 ,14.6 
A;PC;P;ME,: ,: ,: ,: ,: ,: ,: ,13.7 ,: ,: ,: ,: 
A;PC;P;MK,: ,: ,: ,: ,: ,: ,: ,-1.0 ,: ,: ,: ,: 
A;PC;P;MT,: ,7.2 ,1.2 ,-3.0 ,-0.6 ,4.9 ,9.8 ,13.8 ,11.5 ,12.1 ,11.7 ,12.3 
A;PC;P;NL,: ,22.2 ,21.8 ,21.2 ,13.4 ,12.5 ,12.3 ,11.7 ,11.3 ,11.3 ,10.2 ,9.4 
A;PC;P;NO,: ,10.6 ,9.8 ,8.8 ,8.6 ,7.8 ,8.7 ,7.7 ,7.9 ,7.6 ,7.3 ,6.7 
A;PC;P;PL,6.4 ,4.6 ,2.8 ,1.0 ,1.3 ,1.6 ,3.4 ,5.1 ,5.0 ,5.0 ,5.1 ,5.2 
A;PC;P;PT,18.3 ,17.2 ,17.5 ,12.4 ,11.1 ,11.1 ,10.7 ,10.3 ,12.2 ,13.9 ,15.8 ,18.0 
A;PC;P;RO,19.6 d,16.9 d,12.5 d,11.5 ,10.4 ,7.9 ,7.3 ,3.3 ,1.6 e,8.6 e,7.7 e,5.6 
A;PC;P;RS,: ,: ,: ,: ,: ,: ,: ,5.5 ,: ,: ,: ,7.6 
A;PC;P;SE,: ,12.0 ,11.3 ,11.2 ,11.7 ,11.3 ,10.7 ,10.7 ,10.2 ,8.8 ,8.5 ,8.7 
A;PC;P;SI,9.5 ,9.2 ,9.0 ,9.7 ,10.7 ,11.1 ,12.3 ,13.4 ,14.2 ,14.2 ,15.5 ,15.5 
A;PC;P;SK,: ,10.7 ,14.9 ,14.5 ,15.6 ,15.4 ,13.9 ,13.0 ,14.6 ,14.8 ,13.7 ,11.8 
A;PC;P;TR,: ,: ,: ,: ,: ,: ,: ,-1.1 ,: ,: ,: ,: 
A;PC;P;UK,17.5 ,19.2 ,18.5 ,21.2 b,20.8 ,20.9 ,20.1 ,20.3 ,20.1 ,20.4 ,19.6 ,18.8 
A;PC;Q;AT,: ,: ,: ,12.0 ,: ,: ,: ,12.8 ,12.9 ,14.5 ,15.0 ,15.3 
A;PC;Q;BE,9.4 ,9.4 ,9.3 ,9.3 ,6.8 ,4.5 ,1.9 ,-0.5 ,0.3 ,1.1 ,1.7 ,2.6 
A;PC;Q;BG,26.0 ,30.2 ,30.5 ,27.2 ,25.3 ,29.2 ,28.5 ,29.2 ,32.4 ,31.6 ,30.1 ,29.9 
A;PC;Q;CH,: ,20.9 d,20.8 d,19.1 ,18.2 ,18.1 ,18.4 ,18.7 ,18.6 ,18.2 ,18.4 ,: 
A;PC;Q;CY,: ,32.7 ,35.4 ,37.6 ,36.4 ,24.9 ,20.1 ,14.0 ,13.9 ,15.0 ,16.0 ,17.3 
A;PC;Q;CZ,: ,25.6 ,27.1 ,25.6 ,27.7 ,29.8 ,29.9 ,27.2 ,27.8 d,26.8 d,25.7 d,25.6 d
A;PC;Q;DE,24.3 ,24.4 ,24.5 ,24.6 ,24.4 ,24.2 ,23.9 ,23.3 ,22.7 ,23.1 ,23.3 ,24.0 
A;PC;Q;DK,: ,14.3 ,8.9 ,13.0 ,10.4 ,10.7 ,9.9 ,10.1 ,9.2 ,9.1 ,10.1 ,10.8 
A;PC;Q;EE,: ,31.3 ,33.0 ,34.8 ,32.1 ,32.2 ,33.8 ,32.6 ,28.9 ,27.1 ,28.9 ,29.5 
A;PC;Q;EL,: ,: ,: ,20.6 ,: ,: ,: ,8.4 ,: ,: ,: ,16.8 p
A;PC;Q;ES,24.9 ,23.6 ,24.7 ,24.2 ,23.5 ,25.9 ,24.9 ,22.0 ,22.7 ,24.6 ,23.5 ,22.3 
A;PC;Q;FI,: ,30.2 ,30.2 ,29.6 ,28.7 ,27.7 ,26.6 ,25.8 ,26.0 ,24.0 ,23.3 ,22.5 
A;PC;Q;FR,: ,18.6 ,18.7 ,18.2 ,16.1 ,16.1 ,16.4 ,15.3 ,15.3 ,15.7 ,16.2 ,16.6 
A;PC;Q;HR,: ,: ,: ,24.3 ,: ,: ,20.3 ,19.5 ,: ,19.5 ,27.3 ,27.2 
A;PC;Q;HU,: ,18.6 ,17.0 ,16.1 ,16.4 ,16.1 ,16.2 ,15.3 ,16.0 ,16.5 ,10.7 ,12.1 
A;PC;Q;IE,: ,23.7 ,21.4 ,16.8 ,21.4 ,19.5 ,18.5 ,16.4 ,: ,: ,: ,: 
A;PC;Q;IS,23.3 p,18.5 p,16.2 p,13.3 p,14.5 p,14.3 p,11.2 p,10.2 p,12.4 p,12.8 p,13.1 p,10.4 p
A;PC;Q;IT,: ,: ,: ,28.5 ,24.7 ,28.1 ,28.6 ,28.3 ,30.1 ,28.1 ,27.6 p,21.7 p
A;PC;Q;LT,24.2 ,25.1 ,26.1 ,21.1 b,24.8 ,28.6 ,28.3 ,31.6 ,33.9 ,28.7 ,26.7 ,25.2 
A;PC;Q;LU,5.7 ,5.6 ,5.4 ,5.2 ,4.1 ,2.3 ,1.5 ,0.1 ,0.2 ,0.4 ,0.5 ,0.6 
A;PC;Q;LV,: ,: ,: ,11.1 ,11.8 ,16.7 ,21.0 ,22.5 ,22.3 ,19.6 ,18.0 ,19.3 
A;PC;Q;ME,: ,: ,: ,: ,: ,: ,: ,16.2 ,: ,: ,: ,: 
A;PC;Q;MK,: ,: ,: ,: ,: ,: ,: ,13.9 ,: ,: ,: ,: 
A;PC;Q;MT,: ,8.5 ,10.5 ,12.4 ,13.7 ,15.4 ,16.7 ,17.8 ,18.5 ,18.9 ,18.8 ,21.2 
A;PC;Q;NL,: ,17.2 ,17.0 ,16.5 ,24.5 ,23.7 ,22.7 ,21.8 ,21.5 ,20.4 ,19.6 ,18.6 
A;PC;Q;NO,: ,13.4 ,12.8 ,12.7 ,12.5 ,11.7 ,11.6 ,10.7 ,9.7 ,8.8 ,9.4 ,9.2 
A;PC;Q;PL,25.3 ,22.8 ,20.3 ,17.8 ,19.2 ,20.6 ,19.0 ,17.4 ,15.6 ,13.8 ,13.9 ,12.7 
A;PC;Q;PT,30.9 ,31.4 ,33.0 ,35.9 ,30.0 ,28.5 ,27.7 ,26.2 ,27.8 ,27.0 ,26.5 ,25.7 
A;PC;Q;RO,19.7 d,9.4 d,11.3 d,8.6 ,9.1 ,6.6 ,9.3 ,8.9 ,8.2 e,10.2 e,12.7 e,12.6 
A;PC;Q;RS,: ,: ,: ,: ,: ,: ,: ,12.6 ,: ,: ,: ,14.8 
A;PC;Q;SE,: ,16.0 ,14.0 ,13.3 ,14.6 ,13.7 ,12.2 ,10.5 ,11.8 ,9.1 ,9.3 ,8.3 
A;PC;Q;SI,20.4 ,20.0 ,20.0 ,19.0 ,18.9 ,19.7 ,19.9 ,21.8 ,20.3 ,18.9 ,17.8 ,17.3 
A;PC;Q;SK,: ,17.4 ,17.5 ,23.8 ,24.2 ,24.2 ,22.8 ,24.6 ,26.0 ,23.8 ,26.5 ,26.8 
A;PC;Q;TR,: ,: ,: ,: ,: ,: ,: ,39.2 ,: ,: ,: ,: 
A;PC;Q;UK,32.7 ,29.9 ,31.6 ,31.9 b,29.0 ,28.0 ,27.3 ,26.6 ,26.8 ,26.6 ,26.2 ,25.4 
A;PC;R;AT,: ,: ,: ,34.0 ,: ,: ,: ,26.6 ,26.2 ,20.8 ,19.1 ,18.3 
A;PC;R;BE,9.2 ,9.1 ,9.0 ,8.9 ,6.9 ,5.1 ,3.4 ,1.4 ,1.1 ,1.0 ,0.8 ,0.7 
A;PC;R;BG,23.1 ,20.9 ,16.5 ,18.3 ,18.5 ,18.9 ,16.1 ,13.2 ,12.6 ,17.8 ,20.2 ,23.5 
A;PC;R;CH,: ,13.8 d,13.7 d,14.4 ,15.6 ,15.4 ,15.3 ,14.5 ,14.5 ,14.5 ,14.3 ,: 
A;PC;R;CY,: ,30.2 ,33.6 ,37.1 ,45.6 u,52.4 u,60.3 u,68.4 u,58.4 u,53 u,47.3 u,36.4 u
A;PC;R;CZ,: ,18.3 ,13.8 ,14.6 ,11.7 ,13.5 ,12.9 ,13.7 ,14.2 d,13.4 d,13 d,11.7 d
A;PC;R;DE,27.7 ,28.8 ,28.1 ,27.5 ,28.8 ,26.5 ,29.0 ,29.8 ,31.3 ,28.0 ,30.3 ,29.0 
A;PC;R;DK,: ,10.2 ,9.7 ,8.2 ,9.8 ,8.9 ,10.2 ,11.1 ,9.1 ,9.5 ,9.5 ,10.0 
A;PC;R;EE,: ,18.1 ,20.3 ,22.7 ,19.9 ,28.4 ,28.6 ,20.1 ,19.2 ,18.8 ,17.9 ,19.9 
A;PC;R;EL,: ,: ,: ,2.4 ,: ,: ,: ,12.1 ,: ,: ,: ,-3.9 p
A;PC;R;ES,24.1 ,23.5 ,22.9 ,22.2 ,17.8 ,14.7 ,11.3 ,17.2 ,15.5 ,11.2 ,9.4 ,10.8 
A;PC;R;FI,: ,10.4 ,11.4 ,10.8 ,10.4 ,8.0 ,11.1 ,9.2 ,10.3 ,10.0 ,11.2 ,12.4 
A;PC;R;FR,: ,17.5 ,17.4 ,16.4 ,19.5 ,22.5 ,26.5 ,30.1 ,28.0 ,25.9 ,23.9 ,21.8 
A;PC;R;HR,: ,: ,: ,15.2 ,: ,: ,14.1 ,9.4 ,: ,14.1 ,14.9 ,14.9 
A;PC;R;HU,: ,8.3 ,2.9 d,3.2 ,12.4 ,16.6 ,16.9 ,18.3 ,15.9 ,21.9 ,18.9 ,21.6 
A;PC;R;IE,: ,: ,: ,: ,22.5 ,: c,: c,: c,: ,: ,: ,: 
A;PC;R;IT,: ,: ,: ,20.4 ,: c,: c,: c,61.3 ,: c,: c,: c,52.6 p
A;PC;R;LT,22.9 ,19.0 ,20.7 ,12.4 b,15.1 ,13.4 ,12.3 ,11.6 ,13.2 ,13.5 ,12.2 ,14.4 
A;PC;R;LU,: ,: ,: ,19.5 u,18.2 ,16.6 ,14.9 ,15.1 ,9.0 ,3.3 ,-3.7 ,-11.2 
A;PC;R;LV,: ,: ,: ,11.3 ,12.2 ,11.2 ,8.9 ,8.3 ,21.7 ,20.3 ,25.4 ,20.9 
A;PC;R;ME,: ,: ,: ,: ,: ,: ,: ,13.8 ,: ,: ,: ,: 
A;PC;R;MK,: ,: ,: ,: ,: ,: ,: ,19.9 ,: ,: ,: ,: 
A;PC;R;MT,: ,16.0 ,20.2 ,27.0 ,21.2 ,19.6 ,17.8 ,15.5 ,20.1 ,18.0 ,12.2 ,10.7 
A;PC;R;NL,: ,18.8 ,18.5 ,18.8 ,23.5 ,21.9 ,22.2 ,21.9 ,19.2 u,16.6 u,14.7 u,12.8 u
A;PC;R;NO,: ,16.2 ,12.8 ,11.6 ,11.0 ,13.1 ,13.5 ,11.5 ,7.7 ,8.1 ,7.9 ,7.7 
A;PC;R;PL,17.0 ,15.3 ,13.6 ,11.9 ,10.1 ,8.3 ,9.0 ,9.7 ,10.4 ,11.1 ,11.3 ,8.3 
A;PC;R;PT,39.0 ,49.7 ,44.0 ,57.7 ,52.6 ,40.5 ,29.5 ,26.3 ,41.8 ,40.8 ,40.6 ,38.2 
A;PC;R;RO,16.3 d,12.5 d,11.1 d,6.2 ,7.2 ,9.2 ,7.3 ,4.6 ,14.9 e,17 e,15.3 e,15.8 
A;PC;R;RS,: ,: ,: ,: ,: ,: ,: ,3.5 ,: ,: ,: ,4.1 
A;PC;R;SE,: ,10.0 ,9.7 ,11.1 ,10.6 ,11.0 ,11.7 ,10.5 ,7.8 ,7.7 ,9.0 ,8.3 
A;PC;R;SI,25.5 ,24.2 ,23.4 ,20.1 ,19.6 ,17.0 ,16.2 ,16.6 ,13.5 ,12.0 ,8.2 ,7.0 
A;PC;R;SK,: ,15.9 ,16.9 ,7.7 ,14.3 ,13.7 ,16.3 ,16.1 ,21.2 ,19.3 ,22.6 ,21.0 
A;PC;R;TR,: ,: ,: ,: ,: ,: ,: ,11.8 ,: ,: ,: ,: 
A;PC;R;UK,26.7 ,24.2 ,28.0 ,24.3 b,30.9 ,26.2 ,27.1 ,26.0 ,37.6 ,33.8 ,38.8 ,23.6 
A;PC;S;AT,: ,: ,: ,32.0 ,: ,: ,: ,28.8 ,28.3 ,27.8 ,26.9 ,26.4 
A;PC;S;BE,20.2 ,20.2 ,20.2 ,20.2 ,20.7 ,21.3 ,21.8 ,22.4 ,17.9 ,13.5 ,8.9 ,4.4 
A;PC;S;BG,-3.5 ,-3.7 ,0.8 ,-0.8 ,5.2 ,-0.9 ,-1.9 ,3.5 ,4.1 ,-3.2 ,-2.9 ,-7.3 
A;PC;S;CH,: ,23.2 d,23.1 d,22.7 ,20.5 ,20.2 ,20.2 ,19.4 ,19.4 ,19.4 ,19.2 ,: 
A;PC;S;CY,: ,45 u,48.6 u,48.1 u,45.9 u,41.3 u,38 u,32.2 u,32.1 u,30.9 u,30.7 u,30.4 u
A;PC;S;CZ,: ,-1.6 ,17.7 ,19.2 ,12.7 ,25.4 ,26.1 ,30.7 ,32.2 d,29.3 d,23.5 d,20.3 d
A;PC;S;DE,26.3 ,26.4 ,25.7 ,24.1 ,25.2 ,24.1 ,21.8 ,23.0 ,20.4 ,18.9 ,17.5 ,16.4 
A;PC;S;DK,: ,14.1 ,12.3 ,14.5 ,16.2 ,13.2 ,12.4 ,11.3 ,9.9 ,11.8 ,10.3 ,11.2 
A;PC;S;EE,: ,23.6 ,26.8 ,30.7 ,14.2 ,12.1 ,18.5 ,22.7 ,7.8 ,-2.1 ,-5.2 ,11.9 
A;PC;S;EL,: ,: ,: ,28.7 ,: ,: ,: ,28.2 ,: ,: ,: ,4.6 p
A;PC;S;ES,23.0 ,22.7 ,20.1 ,20.0 ,22.5 ,19.5 ,15.8 ,12.5 ,17.5 ,14.4 ,16.3 ,11.8 
A;PC;S;FI,: ,21.3 ,21.0 ,20.4 ,20.8 ,20.5 ,19.9 ,18.6 ,18.1 ,17.4 ,17.0 ,18.5 
A;PC;S;FR,: ,15.6 ,13.2 ,11.1 ,13.1 ,15.2 ,16.9 ,18.7 ,19.4 ,20.4 ,20.8 ,21.8 
A;PC;S;HR,: ,: ,: ,17.8 ,: ,: ,24.8 ,21.9 ,: ,14.9 ,17.3 ,17.6 
A;PC;S;HU,: ,19.6 ,12.4 ,14.5 ,5.1 ,13.9 ,10.0 ,7.9 ,23.1 ,8.1 ,10.4 ,10.1 
A;PC;S;IE,: ,22.5 ,19.7 ,17.7 ,: c,: c,: c,: c,: ,: ,: ,: 
A;PC;S;IT,: ,: ,: ,21.3 ,: c,: c,: c,13.3 ,10.9 ,6.4 ,7.9 p,10.6 p
A;PC;S;LT,24.0 ,30.3 ,30.1 ,34.9 b,22.2 ,23.5 ,18.1 ,20.0 ,18.0 ,14.8 ,9.0 ,7.8 
A;PC;S;LU,: ,: ,: ,17.6 u,22.0 ,26.1 ,29.6 ,34.2 ,30.7 ,28.5 ,27.6 ,25.5 
A;PC;S;LV,: ,: ,: ,41.2 ,30.2 ,16.5 ,: u,: u,11.5 ,9.9 ,10.0 ,10.0 
A;PC;S;ME,: ,: ,: ,: ,: ,: ,: ,27.9 ,: ,: ,: ,: 
A;PC;S;MK,: ,: ,: ,: ,: ,: ,: ,-18.2 ,: ,: ,: ,: 
A;PC;S;MT,: ,6.8 ,7.9 ,9.8 ,3.4 u,2.4 u,1 u,-1.4 u,9.2 ,14.8 ,22.3 ,32.6 
A;PC;S;NL,: ,26.0 ,25.5 ,27.6 ,17.8 ,17.0 ,18.2 ,18.5 ,17.2 ,16.1 ,14.2 ,13.1 
A;PC;S;NO,: ,17.2 ,20.3 ,20.0 ,20.7 ,20.3 ,21.3 ,21.2 ,12.8 ,11.7 ,11.5 ,11.5 
A;PC;S;PL,34.0 ,28.8 ,23.6 ,18.4 ,24.5 ,30.6 ,30.4 ,30.2 ,31.6 ,32.8 ,33.0 ,28.9 
A;PC;S;PT,29.5 ,31.4 ,25.8 ,21.6 ,20.8 ,28.8 ,29.0 ,30.8 ,29.0 ,30.1 ,30.1 ,31.0 
A;PC;S;RO,16.4 d,19 d,25.3 d,29.0 ,24.7 ,22.3 ,17.0 ,13.1 ,17.1 e,20 e,20.7 e,22.7 
A;PC;S;RS,: ,: ,: ,: ,: ,: ,: ,-22.7 ,: ,: ,: ,3.1 
A;PC;S;SE,: ,14.0 ,13.2 ,13.7 ,13.0 ,10.9 ,10.6 ,9.6 ,8.3 ,7.0 ,5.6 ,7.3 
A;PC;S;SI,36.4 ,36.4 ,35.4 ,36.8 ,32.5 ,32.0 ,31.6 ,28.3 ,24.0 ,18.8 ,12.8 ,6.5 
A;PC;S;SK,: ,6.0 ,1.0 ,-2.8 ,8.0 ,4.0 ,-11.9 ,-1.8 ,-7.5 ,-10.8 ,-8.0 ,-9.4 
A;PC;S;TR,: ,: ,: ,: ,: ,: ,: ,14.1 ,: ,: ,: ,: 
A;PC;S;UK,25.3 ,22.2 ,21.0 ,18.7 b,20.5 ,22.4 ,17.0 ,18.6 ,19.1 ,19.4 ,16.8 ,14.4 
